,评论,得分,时间,点赞,回复
0,非常满意,5.0,2021/7/31,0,1
1,很不错，挺好的。,4.0,2021/7/22,0,1
2,好,5.0,2021/7/18,0,1
3,挺好的,5.0,2021/7/16,0,1
4,非常好，,5.0,2021/7/15,0,1
5,不错,5.0,2021/5/27,0,1
6,很好,4.0,2021/7/4,0,1
7,好评！,5.0,2021/6/10,0,1
8,很漂亮,5.0,2021/6/22,0,1
9,挺好,4.0,2021/6/5,0,1
10,很美,5.0,2021/3/22,0,1
11,推荐,5.0,2021/4/22,0,1
12,好玩,4.0,2021/4/16,0,1
13,好好好,5.0,2021/4/9,0,1
14,可以,4.0,2021/1/16,0,1
15,很满意,5.0,2020/12/24,1,1
16,很好看,5.0,2020/11/27,0,1
17,非常棒,5.0,2020/12/29,0,0
18,还不错。。。,5.0,2020/12/18,0,1
19,"【环境】好
【交通】方便
【项目】多",3.0,2020/12/7,0,1
20,很不错！,4.0,2020/10/27,0,1
21,特别好,5.0,2020/10/23,0,1
22,挺好的，不错,4.0,2020/9/9,0,1
23,位于青岛旅游景点密集区，交通方便，离青岛站挺近的，也很好找，就在主马路上。分为南北两区，南区是海洋生物馆，更精彩一些。北区是淡水生物馆，主要是淡水的物种。虽然没拍几张图，但实际这里有非常多的海洋生物。活的，标本，干的，都有。有停车场，在马路北面。此景点左右两边是第一海水浴场和鲁迅公园，都挺近，都是免费景区，风景很棒。,5.0,2021/7/10,0,1
24,第一 是位置，很好找，挨着鲁迅公园旁边           第二 是价格，三馆通票150元，美团有优惠，比如学生和老年人，已经军人等                     第三 场馆面积很大，有介绍的，有海底世界，还有一天总共三次的表演，表演都在下午          第四 场馆没有平行花带，可以让你少走路，站在上面就可以看见头顶，需要注意安全            第五 出来的时候有纪念品馆，喜欢的可以买一点，比如珍珠首饰，还有一些小孩子和女孩子喜欢的海洋玩具,4.0,2021/6/10,0,1
25,环境好，位置好找，里边东西也挺多，就是不太好停车，建议打车或者地铁公交都行，毕竟市南那地方，带孩子去还是不错的，就是人多，夏天能热。。。后边不用看了，凑字数的。。。。。。。。。。。。。。。。。。。。。,5.0,2021/7/17,0,1
26,我儿地方反复出现了一个人的时候我就觉得自己是一个人的时候我也是个很喜欢的人和人和事物一样了。我是李克平路公交车上人了。我的朋友可以吗。我的朋友可以理解为我做什么的时候就会觉得自己是个好人。我们都会很喜欢这个节目,3.0,2021/7/15,0,1
27,我的方法籓vvvvv吃的太好喝了一个人吃东西吃不下去了。我的朋友是个很好看的人了？我在阿是生生世世都发广告了🪧，我的朋友是我的朋友们都是我的朋友可以理解我的朋友们都是我的朋友们都在这里了。我们都会很喜欢这个,4.0,2021/7/15,0,1
28,门票便宜，可以看到相对多的海洋生物，挺好的呀。,4.0,2021/7/23,0,1
29,很好的一次旅行，孩子很喜欢,5.0,2021/7/11,0,1
30,"水族馆很久没去过，体验后感觉比以前改进了很多，分有多个模块，趣味性增强
水母的种类挺多，配合灯光呈现出不同的效果，观赏鱼比较少。
海豹馆和以前有所不同，都变成大鱼缸方便观赏，非常喜欢，希望经常改进以后能够再体验不同的乐趣！",5.0,2021/6/14,0,1
31,哈哈哈哈哈时隔快一年来评论 总之就是必须要去！！虽然是免费的水族馆也有很多好看有趣的地方,5.0,2021/7/5,2,1
32,地方很大，就是几个馆之间提示不明显，可以安装几个大的提示牌在每个馆的出口处，至于展品是真的多，就是海底世界那个蓝紫光灯有些晃眼睛导致有一些鱼不仔细看就根本看不见，总的来说确实对的上这个“中国第一个水族馆”的名号，,4.0,2021/5/17,0,1
33,特别好，特别满意，和闺蜜很满意的一次旅行，我们下午时间仓促所以没能玩很长时间特别后悔，呢是拍照打卡的圣地啦！靠近大海和基地海洋馆环境好，周围也有特别多拍照打卡的地方，个人很推荐，快快去打卡吧啊啊啊啊啊啊啊啊,5.0,2021/6/6,0,1
34,“梦幻水母宫”展馆采用最新科技设计，带你体验前所未有的梦幻之旅！看着各种形态各异的展缸，可以探索海中精灵水母的奇妙生命历程；在高科技投影设备的帮助下，也可以加入互动游戏，与水母嬉戏，感受如同置身海底奇境。,5.0,2021/5/27,0,1
35,带爸爸妈妈旅游，正好碰上免门票活动，妈妈非常开心，环境非常不错，不过年代原因现在看来确实有点挤，国内第一家水族馆，什么都不用说了，满分体验。,5.0,2021/7/19,0,1
36,带家人一起去的，整体空间布局都很好，尤其是水族馆，各种活体海洋生物，在加上灯火辉煌，很漂亮，在疫情期间让我们的生活有了更好的乐趣,4.0,2021/6/7,0,1
37,青岛著名景点，重新装修后比以前的观赏性好了许多,4.0,2021/8/3,0,1
38,"非常可以。！！！还不错。！！！
和家人去的，！！！体验感还蛮好的。假期去的，人也蛮多的。！！！没去过的朋友可以去试试，毕竟亲自体验过才知道好坏！对吧！嗯！
【环境】环境非常不错。！！！！
【交通】离市区还是有一段距离的。？！？？
【项目】也还不错。！！！！
【餐饮】也不错！！！！",5.0,2021/5/28,0,1
39,"不错，挺好的，孩子喜欢，
【交通】
【环境】
【餐饮】
【餐饮】",3.0,2021/8/1,0,1
40,"水母种类很多，珊瑚五颜六色的海龟海象，海豹都有，适合小朋友看，值得推荐。
【交通】方便，停车位很多
【环境】靠近海边，空气新鲜，环境还不错，人多，稍微有点拥挤
【餐饮】附近有卖水和饮料的摊位
【项目】海底世界就在附近。",4.0,2021/5/9,0,1
41,很好的体验活动结束时间还有很多人都在这里等待我想知道为什么这么喜欢哈哈,5.0,2021/7/26,0,1
42,只能说一般吧，只是标本区免费，水族馆收费,2.0,2021/8/1,0,1
43,水族馆部分，有动物标本，孩子很喜欢,3.0,2021/7/30,0,1
44,不花钱的好去处，能看到许多漂亮的水母,5.0,2021/6/14,0,1
45,"去年一家三口来的，趁着疫情免费打卡😎😎
交通很方便，地铁就能到达，黄金地段，不太方便停车
水族馆的种类繁多，美丽的水母各式各样，呆呆的大海龟先生，各种各样的鱼类🐟游泳一级棒的海豹
孩子玩得很开心，还能增长见识👪",4.0,2021/4/17,0,2
46,逛了3个小时，孩子喜欢，知识含量高,5.0,2021/7/29,0,1
47,"【环境】很喜欢😘
【交通】方便
【项目】还是不错的哦
【餐饮】附近还有很多吃的
可以带上自己的女朋友，或者女朋友的闺蜜一起也行，这地方很浪漫的哦，拉着小手手，一起看看水母，海豹啥的，感觉好极了呢，下次还会在去的，重点是一定要带上你女朋友的闺蜜一起",5.0,2021/5/26,0,1
48,和朋友去的，当天下大雨，排队人还挺多，因为是周末吧，修建的挺好的，指引的路标做的很好，不至于迷路，地方挺大的动物也挺多，大多以各类鱼为主，还有海豹水母啊之类的，好像还有丛林馆？我半年前去的，有点忘了😂挺适合家长带孩子来,4.0,2021/5/28,0,1
49,景点不错。服务周到，环境优美。,3.0,2021/7/29,0,1
50,挺好的，带孩子去长见识,5.0,2021/7/28,0,1
51,不错啊,5.0,2021/7/31,0,1
52,那么地方还可以 里边的内容还是很丰富的,3.0,2021/7/26,0,1
53,这个票可以逛4个馆，非常满意,5.0,2021/7/29,0,1
54,【环境】总体上还可以，人不太多，环境不错,3.0,2021/7/25,0,1
55,"很棒棒棒棒的体验好好好看 适合游玩  哈哈哈哈特别是适合孩子。和家人的体验很有意思。周末干什么呢 ，快来玩吧，海边海风还有水族馆。很开阔哦 哈哈哈
【交通】便利
【项目】很喜欢
【餐饮】很美味
【环境】很宜人",5.0,2021/5/8,1,2
56,很多很多动物，非常大，很漂亮，关键是停车4小时才2块钱，,5.0,2021/7/21,0,1
57,交通方便环境好适合带着孩子去玩的地方,4.0,2021/7/20,0,1
58,无敌垃圾 不推荐真的不推荐 智商压制,1.0,2021/7/21,1,1
59,免费的很好,4.0,2021/7/24,0,1
60,还不错，娃很高兴～～～～～～～,3.0,2021/7/23,0,1
61,疫情期间去的，前一部分免费，后期是收费的，有点套路似的，但毕竟还免费了一部分,3.0,2021/7/15,0,1
62,相当奈斯,4.0,2021/7/28,0,0
63,非常不错，环境很梦幻，水母非常piao亮！,3.0,2021/5/27,0,1
64,疫情期间免费玩的，很不错,5.0,2021/7/19,0,1
65,好玩呀,5.0,2021/7/19,0,1
66,成年人的话，不建议去，但是带着小孩子的话，可以去看,2.0,2021/7/12,0,1
67,休息过来看看海底小生物，心灵放松啊,5.0,2021/7/13,0,1
68,"这是第二次来了，  第一次去的时候漏下了鲸馆
没想到第二次来时间不够又没去成  有机会还会再来的，依旧是美丽的水母，蠢萌蠢萌的海豚，呆呆的海龟，女生和闺蜜一起来拍照或者让男朋友拍照都绝美的！推荐你们也来打卡啊！",3.0,2021/3/29,0,1
69,带孩子去观看一下还是很不错的体验,3.0,2021/7/12,0,1
70,好喜欢里面的感觉啊，而且好像是海豹馆还有配乐，就是那种深海的感觉，之前上高中的时候来过，现在考了大学，来了青岛上学，和喜欢的人来，又有了不同的感觉，很适合打卡的地方，有好几个馆，不仅仅是视觉盛宴，还能了解到很多的知识，和男朋友一起拍了照片，作为很有意义的留念，期待着以后带着我们的baby一起来呀，虽然是很久以后的事情了，但是生活不就是值得期待的嘛☺️,5.0,2021/3/31,1,2
71,带着孩子来的 环境不错 还有生物的品种也很多,4.0,2021/7/7,0,1
72,bang,5.0,2021/7/14,0,0
73,一个字，好看。,4.0,2021/7/12,0,1
74,还行,5.0,2021/7/12,0,1
75,"好的
【环境】优秀",5.0,2021/7/10,0,1
76,感觉很好，交通方便，环境不错。值得去游览。,4.0,2021/7/5,0,1
77,不到五分钟就走出去了，没啥看点，工作人员态度也不好，问怎么买票就说扫码，扫码以后没有购买那项，问了半天才说另一个码，特别敷衍，反正去过海洋馆就不要去水母管了，不推荐去，白花钱了………………………………,2.0,2021/4/25,0,1
78,带孩子去看，孩子很喜欢，值得去一趟,5.0,2021/7/6,0,1
79,不错挺好的，推荐，超级推荐，*为什么要十五个字,3.0,2021/7/5,0,1
80,不错，推荐,4.0,2021/7/9,0,1
81,希望有天你也能像我一样哭得撕心裂肺,3.0,2021/5/3,0,1
82,没发照片，但是绝对值，带小朋友去的，特别喜欢。,5.0,2021/7/1,0,1
83,"【环境】干净卫生
【交通】方便一下车就到了出来之后还可以到海边玩一会，赏一赏海景，心情很好，景色很美。
【项目】很多。但进不去那个海底隧道，要单独买票。
【餐饮】因为那边是海边就好像没有餐饮店。去的时候可以自己带些食品和水。",5.0,2021/4/10,0,1
84,还可以，当时去的时候免费的门票，,3.0,2021/7/4,0,1
85,挺好的，非常不错，值得一游，哈哈,3.0,2021/7/4,0,1
86,水族馆免费开放，很幸运在出来玩的时候，恰好遇到，免费观看，里面有各种各样的水母，很漂亮，很漂亮，让人觉得整体环境有海底的感觉，很美丽，同时觉得水母也危险，拍了很多照片，很好看，见到各种各样的水母，长见识了,5.0,2021/4/18,0,1
87,免费当然好评啦，带孩子看看挺好的。,5.0,2021/7/1,0,1
88,青岛的海洋馆棒棒滴因为是疫情的时候去的所以只参观了几个馆不错不错,3.0,2021/6/20,0,1
89,很好，很适合孩子去,4.0,2021/6/30,0,1
90,还不错，带儿子去玩的,4.0,2021/6/28,0,1
91,趁着景点免费赶紧带女票来景点打卡，由于从小就出生在这周边，所以对景点的路线规划轻车熟路，获得了女票及其朋友们的一致好评，好开心，唯一有点提高的就是从小着周围令人满意的餐馆就没有，游览完景点后打车去别的地方吃的饭。,5.0,2021/3/22,0,1
92,超级方便，好玩，孩子玩的可高兴啦，,5.0,2021/6/8,0,1
93,国内最早的水族馆，水母种类很多，门票还包括海豹馆，值得一去,4.0,2021/4/21,0,1
94,我和对象去的 那时候疫情免费就还挺快乐的 有很多水母 还有海豹海狮什么的 小小的海狮好可爱 还有一只小企鹅 那个小企鹅不爱动 总是呆呆的哈哈哈哈哈  还有三只不同品种的乌龟 但我感觉那个池子太小了 乌龟好憋屈 在里面都不能游,5.0,2021/3/21,0,1
95,哈哈哈可以我去的时候是免费的，后来又要门票了，可能疫情期间吧,4.0,2021/6/18,0,1
96,挺好的，好多东西呢，好几个馆，去了好几次了,3.0,2021/6/23,0,1
97,大人和小孩都不太喜欢，这个需要相关专业的人来看看,3.0,2021/6/19,0,1
98,青岛必须去的地方,5.0,2021/6/20,0,1
99,非常好玩，值得去看看。,5.0,2021/6/23,0,1
100,表演时间很短暂，就10分钟左右，感觉价格太高了。,3.0,2021/6/17,0,1
101,超级梦幻,5.0,2021/6/6,0,1
102,因为疫情，海底世界免费开放，真棒👍在青岛多年，头一次去海底世界。孩子觉得很不错！,5.0,2021/4/8,0,1
103,很划算，之前做过一次，是免门票就可以退了，零花钱就去参观了，请旅馆有没有水母啊？很有纪念意义，而且就在大海边，也非常好，坐公交车就可以到，可以领小孩去玩一玩，回去看看吧！,5.0,2021/4/5,0,1
104,建馆几十年了，不错的科普基地，节假日带孩子去的很多，里面🈶️很多水生物我也没见过，很多名字也不会叫，也不敢乱教孩子，建议馆弄个app扫码可以手机讲解那种，毕竟很多生僻字很多大人也是看不懂的，总体来说价格实惠物超所值,5.0,2021/5/5,0,1
105,骗人的，多数场馆进不去，还是要再花钱,1.0,2021/6/11,0,1
106,涨知识了，确实名不虚传。来青岛必须打卡地,4.0,2021/6/13,0,1
107,挺好看的，算是不错的水族馆，但动物品种不算很丰富。,4.0,2021/6/10,0,1
108,水族馆的种类还挺多的，但是不适合领着太小的孩子去，各个馆之间有一定的距离，走起来比较累，把几个馆都参观了，长了不少见识，价格也比较合适，不是很贵，虽然是周末，但是人不是很多，缺点:停车竟然还要收费，不大好,3.0,2021/3/27,0,1
109,还可以，比我们天津的小多了！！！,3.0,2021/6/14,1,1
110,非常不错的打卡，可以带小孩子一起来游玩一下，漂亮,5.0,2021/4/23,0,1
111,当时和对象一起去青岛玩，然后在美团上发现了水族馆，感觉特别好玩，然后我们就去了，里面挺好玩的，感觉挺大，也见到了很多神奇的生物，总之体验非常棒，建议去当时拿了学生证去的，还可以优惠，我们当时去完完了之后又去了隔壁的一个海报馆，也挺不错的，记得当时几点到几点有演出之类的？我们看了一会儿就走了，推荐去挺不错的,5.0,2021/3/13,1,1
112,非常漂亮,4.0,2021/6/18,0,1
113,还可以吧，去一次瞧瞧新鲜就够了,2.0,2021/6/15,0,1
114,里面不大呀！总体还行吧，不到一分钟就看完了😂,3.0,2021/6/11,0,1
115,挺好，和家人一起去的，玩的都挺高兴！,4.0,2021/6/13,0,1
116,"环境可以，人挺多的，和同学去的，玩的很好，里面的的都很可爱，看了很多鱼的标本，海底的世界原来那么丰富，还有很多的鱼，还有水母，各种各样的水母，有发光的，有的特别大
，有的特别小，都很好看，下一次一定还要进去看看",5.0,2021/4/3,0,1
117,需要在手机上预约一下，能看水母海豹企鹅等。,5.0,2021/6/9,0,1
118,环境很安静，很整洁，体验非常不错。,5.0,2021/6/10,0,1
119,水族馆还不错，值得一去，，，，,3.0,2021/6/11,0,1
120,增长海洋知识的地方。￼,4.0,2021/6/13,0,1
121,好好的,5.0,2021/6/14,0,1
122,还不错，继续努力,4.0,2021/6/14,0,1
123,"【环境】
【交通】
【项目】
【餐饮】
【环境】
【交通】
【项目】
【餐饮】
【环境】
【交通】
【项目】
【环境】
【餐饮】
【环境】
【交通】
【环境】
【环境】",5.0,2021/5/31,0,1
124,参观游览，不错,4.0,2021/6/13,0,1
125,很好玩的地方，有很多有趣的水母和鱼类。有好几个场馆，老人小孩情侣都可以来玩。当时去的时候还是免门票的。就在海边，逛完了再去海边溜溜腿也很不错。海底世界是需要门票的就没有进去。非常建议大家都去玩一玩。推荐。,5.0,2021/3/15,1,1
126,孩子很喜欢去！每次去都玩好久！,5.0,2021/4/29,0,1
127,太好了，和孩子玩的很开心,5.0,2021/6/6,0,1
128,挺不错，节假日搞活动，免费门票，希望其他旅游项目也适当的搞搞免费门票,4.0,2021/5/28,0,1
129,常规的水族馆，地方不太大，随便看看也还不错,3.0,2021/6/1,0,1
130,没看出啥变化来，还能是我不会用？,2.0,2021/6/5,0,1
131,很好玩 可以带孩子来玩 就是人多,5.0,2021/6/3,0,1
132,免费的，特别好哈哈,5.0,2021/6/5,0,1
133,喜欢水母馆，去了两次了😁,5.0,2021/4/6,0,1
134,里面很漂亮，看着很舒服，没去过的朋友可以去看看,3.0,2021/5/31,0,1
135,孩子一直想来，值得去一趟，收货多多,3.0,2021/6/1,0,1
136,必游之地,5.0,2021/6/4,0,1
137,儿子喜欢，海洋动物非常讨人喜欢,5.0,2021/5/29,0,1
138,棒棒的,5.0,2021/6/1,0,1
139,强烈推荐的青岛水族馆，还包括了鲸馆，海豹馆，标本馆，淡水馆，推荐给孩子和老人，值得一看，回来隔了好长时间，三岁的孩子都还有印象，还念念不忘。水族馆的水母很震撼，海豹海狮也很活泼很可爱，标本馆的每一处标本都是背后用心精心的良作，本以为淡水馆没什么可看的，结果很意外，好评好评,5.0,2021/2/22,1,1
140,下次一定在光顾,4.0,2021/5/31,0,1
141,上次去恐怕是我小学的时候了，哈哈，很多年没来了，趁着疫情期间免费来了一趟，感觉还挺不错的哦，孩子玩的很开心，虽然不大，但是有很漂亮的水母，还有很多标本，孩子都挺好奇的。是一次不错的体验哦，下次有机会再来哦。,5.0,2021/3/11,1,0
142,水母宫玩了半天，都很好看，各种水母,5.0,2021/5/26,0,1
143,水族馆适合带小孩子一起来看，周末还是不错的体验！！！,3.0,2021/5/23,0,1
144,这只是标本而已，只能一般般啦……,3.0,2021/5/25,0,1
145,"环境不错，设施完善，带着孩子科普海洋知识不错的地方
【环境】",3.0,2021/5/18,0,1
146,搞得网上预约很不错，还可以免费观赏，在疫情之后让冷清了一年的景点再次有温度。,5.0,2021/5/12,0,1
147,免费的这波超值，虽然只是看了水母馆，但是这些小精灵真的很漂亮，去过极地对其他海洋动物不是特别有兴趣了，但是水母这边很值得一看,5.0,2021/3/23,0,1
148,年年都差不多了，没啥好看的了。,2.0,2021/5/25,0,1
149,墙裂推荐，炒鸡好晚，很值，很适合和几个小伙伴一起去拍照啥的，还能涨涨芝士，很多水母都超级美，疫情期间，口罩查的毕竟严格，需要二维码进，人还蛮多的，注意水母馆没有想象中那么大，各种水母挨得比较密集，慢慢看，要不很容易漏，单向通行，一旦出来就比较难再进去了,5.0,2021/2/16,1,1
150,非常好的地方，来过之后让人流连忘返。不愧是大众点评的前列店家，和朋友一起来的，我们大家都很喜欢，下次约好再来打卡！全五分好评了。,5.0,2021/3/17,1,1
151,不错，有机会再去,4.0,2021/5/22,0,1
152,水母很惊艳，海豹游来游去也不错，免费很温馨。,5.0,2021/4/9,0,1
153,有隐性消费 感觉促销活动没说明白,1.0,2021/5/21,0,1
154,很好看  啥都有  强推  下次还想去  旅游首选,5.0,2021/5/21,0,1
155,薅了下政府的羊毛，带着孩子补充了很多海洋知识！,5.0,2021/5/15,0,1
156,不要钱，提前预约好就可以进去看，我把所有的都看过了，值得去，我喜欢那个海豹和海龟！可爱的要死，养的很好，还有蜥蜴🦎也漂亮，颜色很鲜艳，适合孩子，情侣去玩，水母漂亮的，品种好多哈哈哈哈哈哈哈哈哈哈哈哈啊哈哈哈,5.0,2021/3/6,1,1
157,环境很棒，非常漂亮，超可爱的小动物，交通也便利，非常推荐,5.0,2021/4/4,0,1
158,带孩子看看，科普一下海洋知识，就是人比较多，有的馆没去,3.0,2021/5/13,0,1
159,环境一般般交通便利，项目不是很多，但是很实惠，餐饮也一般般,2.0,2021/5/14,0,1
160,很多漂亮的水母，还是免费的，水母种类很多，可以去看看，强烈推荐，还可以拍美美的照片,5.0,2021/3/12,1,1
161,一票通很多展馆呢，整个看完也得两个小时以上，性价比很高了。,5.0,2021/5/13,0,1
162,"一般般吧，个人感觉不怎么好玩，门票贵，
【餐饮】
【餐饮】
【餐饮】
【餐饮】
【餐饮】
【项目】
【项目】
【项目】
【交通】
【交通】
【交通】
【交通】
【交通】
【交通】
【项目】
【餐饮】
【餐饮】
【餐饮】
【餐饮】
【项目】
【项目】
【项目】
【交通】
【交通】
【交通】
【交通】
【交通】
【项目】
【餐饮】
【餐饮】
【餐饮】",3.0,2021/3/13,0,1
163,很不错啊！！很漂亮，环境也很好的,5.0,2021/4/9,0,1
164,景色真不错，就是找了好久才找到。孩子都很喜欢。,4.0,2021/5/16,0,1
165,很好，强烈推荐,5.0,2021/5/20,0,1
166,太坑了，看见这个评价的老铁千万别进去的里边只有水母，幸好没去海底世界,1.0,2021/5/4,0,1
167,还蛮不错的 奥利给 点个赞 整体布局合理,3.0,2021/3/8,1,1
168,人有点多，秩序一般。没有把控人流量,3.0,2021/5/14,0,1
169,还不错😂😂😂有机会再去……,3.0,2021/5/15,0,1
170,免费的！免费的！！免费的！！！重要的事情说三遍，嘻嘻嘻。里面的水母种类还挺多，特别漂亮，灯光打的超好看，水母在水中袅袅娜娜，特别好看。馆里的海豹圆滚滚胖乎乎的超可爱的。还有一些其他的动物比如海龟之类的，去的人超级多。,5.0,2021/2/24,0,1
171,挺好看的不要钱主要是剩下的我要开始,5.0,2021/5/10,0,1
172,门口的人一点不好客，还好客山东，就在旁边写着，却不让进去,1.0,2021/5/7,0,1
173,好深的坑啊，应该叫水母馆，下次免费参观也不会进去,1.0,2021/5/4,0,1
174,去的第二次跟女朋友一块噜啦噜啦嘞,5.0,2021/5/10,0,1
175,去的时候免费，现在好像收费了，那就别去啦，哈哈哈,5.0,2021/5/7,0,1
176,感觉还挺好看的。,5.0,2021/3/7,1,1
177,还蛮好的吧,4.0,2021/3/13,1,1
178,很不错的地方,5.0,2021/5/8,0,1
179,亲子游玩好去处，我们是疫情免票去的，预约制，人也不多，玩的很开心！孩子最喜欢水母馆，一路海狮海豹，海龟，看完正好溜海边，鲁迅公园，小青岛，栈桥，一路海边游！,5.0,2021/2/26,1,1
180,很不错 👍！值得一去值得一看 ！,4.0,2021/5/6,0,1
181,很好玩,4.0,2021/5/9,0,1
182,很值得一观，真的很壮观,5.0,2021/5/6,0,1
183,很好的亲子活动的地方，带孩子学好多知识,4.0,2021/5/1,1,1
184,民国时期就建立起来的历史悠久的水族馆，小时候经常来玩，现在带孩子来玩，非常有意义，可以学到很多科学知识，看到奇奇怪怪的生物，以及历史上灭绝过的生物标本，感叹于大自然的伟大，增强了环保意识，认识到人类的渺小。,5.0,2021/2/6,2,1
185,很不错的，因为真的可以让孩子了解很多知识,4.0,2021/5/1,1,1
186,青岛的旅游没得说，当时还免费，玩的很开心,4.0,2021/5/2,0,1
187,非常满意！点赞,4.0,2021/5/6,0,1
188,鱼很多，小鲨鱼又可爱又虾人,4.0,2021/4/12,0,1
189,还行吧还行吧还行吧免费参览的动物也就那几个还行吧,3.0,2021/3/20,0,1
190,里面的东西太少了，也非常一般，和大型水族馆差距太大,2.0,2021/4/25,0,1
191,"【环境】很好。
【交通】便利。
【项目】很好。",5.0,2021/4/28,0,1
192,111图形中我有早洗哇有早洗哇这,3.0,2021/4/28,0,1
193,从手机上预约去的，没花钱，有很多好看的，地方不算很大，人不少，有水母馆最好看了，里面水母种类很多，可以算是大开眼界吧哈哈哈，还有水母的培养过程，可以增长很多知识 还有海豚！非常的可爱，还有很多小动物，也都很壮观吧哈哈,5.0,2021/2/6,1,1
194,免门票进去的，和朋友同学一块去的，里边人很多，种类也多，环境特别好，可以带小朋友来参观，水族馆地方不大，但是转一圈也需要蛮长时间的，是个拍照的好地方，水母是最好看的，种类特别多，有机会一定会再来的，哈哈,5.0,2021/1/8,1,1
195,里面很梦幻，好漂亮，孩子超级喜欢,4.0,2021/4/24,0,1
196,"【环境】
【环境】
【交通】
【环境】
【项目】
【餐饮】
【交通】
【项目】",4.0,2021/4/23,0,1
197,针不戳 虽然比不上大的海洋世界，但是毕竟是免费的，里面也凉快。带孩子玩玩看看也很可以，里面有水母，乌龟，各种鱼，动物也不少，水母是真好看，会拍照片的拍下来可以当壁纸了。离小鱼山很近，小鱼山绝对不能错过，山不高但是看青岛风景非常好。,5.0,2021/1/17,1,1
198,"【交通】方便
里面的人流不大，没有特别拥挤，节假日不建议去",4.0,2021/4/18,0,1
199,都不错 拍照也比较好看 有几个馆可以转转看看,3.0,2021/4/23,0,1
200,玩了一个多小时，竟然没有收停车费，在山东，在青岛，真的很不错👍，死喷子闭嘴,3.0,2021/4/8,0,1
201,三很不错(*๓´╰╯`๓)♡,5.0,2021/3/1,1,1
202,非常不错，下次再来，很高兴能看到这么漂亮的景色，适合大小孩子观光，真的不错哦，各种各样的都有，各种各样的水母等等，拍了不少照片，随便拿出几张都这么好看，回家给爸妈看，他们也想来看看，真的，下次再来光顾，不错,5.0,2021/2/2,1,1
203,"今年市政府很大气，海底世界这一片区中的海豹馆,淡水生物馆,水母馆都免费向公众开放了……水母馆中的水母衬着不同颜色的灯箱美伦美幻；淡水生物馆布置成热带的玛雅丛林背景，各种热带鱼五彩斑斓琳琅夺目；海豹馆中的铁憨憨站立小海豹和面壁小企鹅给我留下了深刻的印象。丰富大脑愉悦精神，绝对值得一来，花一天半天的时间驻足在这里，原生态的亲近这些海洋生物定会让你暂时忘掉一切烦恼！",5.0,2020/11/29,0,1
204,很好看的一个地方，在青岛不想在室外吹风的话去市内看看这些也不错哦 很棒大家可以去看看，有很多海洋生物里面很好看,4.0,2021/3/31,0,1
205,挺好的，第一次去，听同事说挺好的，门票免费，就带家人过去了，随然有点远但还可以，我就在青岛海底世界旁边，也在海边，里面标本很多，基本都没见过，孩子很喜欢，见到什么都很稀奇，确实挺好的，后面也会介绍朋友过去玩，,5.0,2021/1/17,1,1
206,薅羊毛。挺大的水族馆有很多玻璃钢。玻璃钢有很多小鱼。挺好看的，也有很多灯。可以带着小朋友来。,4.0,2021/4/5,0,1
207,【环境】,4.0,2021/4/19,0,1
208,水母和海豹还有海龟馆都特别值得推荐。￼,4.0,2021/2/9,1,1
209,"【环境】依山傍海，环境优美。
【交通】便利
【项目】分类齐全",5.0,2021/4/10,0,1
210,很好👍你小时候非常好看，我跟我对象一起去的，还是和那个人一起去特别浪漫，￼,4.0,2021/3/20,0,1
211,很好，适合带孩子去看，海洋动物很棒，服务很好，给你们点赞。,5.0,2021/4/10,0,1
212,"不错赞赞赞赞赞赞赞赞赞赞赞青岛动物园海底世界很赞赞赞赞赞赞赞赞赞赞赞赞现在正在不错赞赞赞赞赞赞赞赞赞赞赞赞赞赞赞赞赞真真正正赞赞赞赞赞赞赞赞赞
【交通】
【项目】
【餐饮】赞赞赞赞赞赞啧啧啧啧啧啧啧啧。。。。。",4.0,2021/2/26,1,1
213,挺不错的水母宫很漂亮女生进去走不动路,4.0,2021/4/12,0,1
214,垃圾，还需要另外付费。骗人的简直,1.0,2021/4/15,0,1
215,呜呜呜现在没了,5.0,2021/4/15,0,0
216,真心推荐，非常漂亮，尤其是水母馆,4.0,2021/3/5,0,1
217,风景很好，但人比较多的！！！！！！！！！！！！！！！！,3.0,2021/4/14,0,1
218,一般般没有互动性。不推荐。不好停车,2.0,2021/4/12,0,1
219,没有什么特色，一般般吧不推荐！,2.0,2021/4/13,0,1
220,整体感觉还不错，服务挺好的，习惯给个好评吧,4.0,2021/4/9,0,1
221,亮点是不要钱，缺点是设施稍显陈旧，服务人员素质一般,3.0,2021/4/7,0,1
222,青岛疫情期间搞活动，青岛水族馆免门票。在平台预约就可以进去参观。比小时候去的时候变化很大，记得之前是个露天的海豹池子，现在是在室内了。还增加了很多其他海洋生物。鲸鱼馆也变样子了，但是之前的那个大鲸鱼标本还在。真不错。,5.0,2021/1/3,1,1
223,周末节假日人太多，工作日带孩子去应该人还能少些,5.0,2021/4/7,0,1
224,带女儿去的，孩子开心的不要不要的，就是这么去玩的很嗨,4.0,2021/4/8,0,1
225,特别好玩，点个赞，大美青岛，停车方便,4.0,2021/4/9,0,1
226,好评，很不错的一次体验。,5.0,2021/4/9,0,1
227,从小红书上发现水族馆免费开放，之前从这里经过没进去，这次终于如愿以偿，水母馆真的特别梦幻，海豹蠢萌蠢萌的，你靠近它，他还会和你对视，特别可爱，有一个小企鹅趴着睡觉，没能看到正面什么样，海龟纯纯的“干饭王”，一口一个小鱼干，哈哈哈,5.0,2020/12/14,0,1
228,还可以，就是没有看到表演节目的，希望本周再去时能看到,4.0,2021/4/6,0,1
229,环境好，交通便利，学知识，长见识，尤其适合小朋友，值得一游！,5.0,2021/4/3,0,1
230,去了大概有一两个月了，拖到现在写点评，海豹馆重新装修了，比以前有看头，而且还挺漂亮的。最主要的是还免费，微信预约一下就可以了，很方便。水母馆还是一如既往的老样子，也没有什么变化，走一圈，两分钟就能出来了。,5.0,2021/1/20,1,1
231,青岛人逛青岛水族馆，实话实说，那已经是几十年前的经历了。最近趁优惠政策还没到期，赶紧去看看。大家看图哈，我认为准确的说现在的水族馆应该叫水母馆了。与印象中小时候的感觉差别太大了，几乎全是各种水母，其他海洋生物可能都挪到海底世界了吧，可惜海底世界是不免票的，100元一张票，看看价格我也只能望门兴叹了,2.0,2020/12/23,0,2
232,很棒！一家三口去玩的,5.0,2021/4/8,0,1
233,很好的体验，只有有机会还会去玩,5.0,2021/3/1,1,1
234,没事就去逛一逛，老青岛的味道,5.0,2021/2/28,1,1
235,水族馆，我和儿子的最爱！学习游览玩耍不误！,5.0,2021/4/7,0,1
236,赶上免费，太赞了  推荐  值得一来,5.0,2021/4/8,0,1
237,我是在免费的时候去的，水母特别好看，真的挺治愈,5.0,2021/4/4,0,1
238,好(*๓´╰╯`๓)♡,5.0,2021/4/9,0,1
239,"不怎么样啊。
【项目】
【环境】
【环境】
【环境】
【交通】
【项目】",2.0,2021/4/4,0,1
240,很不错，第一回去，蛮惊喜的。,5.0,2021/3/20,1,1
241,从8月开始青岛政府免费开放这个景点，真是帮我省了不少钱，趁着免费，带着老人孩子去看的，地方很搞笑，环境也很不错，很有科普意义，让孩子看看水母，海豹，海狮，绝对的物超所值，很值得去玩一玩。景区位置也很好找，坐车开车都很方便。,5.0,2020/12/29,0,1
242,夏天带孩子去青岛旅游，第二次去水族馆了，还是一如既往的喜欢,5.0,2021/1/23,2,1
243,有赞,4.0,2021/4/8,0,1
244,"【环境】挺不错的
【交通】方便，很好找
【项目】满意，还看了美人鱼表演

以下为废话鸟语花香斑驳陆离窗明几净分外妖娆风景不殊古色古香千岩竞秀千回百转青山绿水如花似锦诗情画意
水木清华
水色山光
五光十色
五颜六色
五彩缤纷",5.0,2021/1/7,1,1
245,人太多组织的不好。还有二次门票,1.0,2021/4/3,1,1
246,"【环境】周围环境优美，参观人员较多，注意安全。
【交通】周围停车很不方便，建议乘坐公共交通，到周围下车步行前往。
【项目】可以看水母，海豹，企鹅。游玩结束可以去小青岛，海军博物馆，第一海水浴场。
【餐饮】周围餐馆较少，可以到其它地方。",5.0,2020/12/30,0,1
247,环境好，种类多。,5.0,2021/4/2,0,1
248,还是不错啦，扫码关注免费玩嘛。,4.0,2021/3/30,0,1
249,事实证明就是浪费我时间，免费的别去，建议想去的直接买全票算了，或者更推荐极地海洋世界,1.0,2021/3/18,2,2
250,挺好的，有机会还会继续来的！会继续关注！,3.0,2021/3/29,0,1
251,真好人少,5.0,2021/3/26,0,1
252,地方虽然不大，但是里面内容很丰富。非常适合周末和家人过来，我们来的时候孩子们也非常多。￼夏天的时候里面凉气非常的足。最喜欢的就是里面的水母非常的漂亮，自己都想养呢❤️￼￼￼还有很多鱼的标本，可以涨知识。￼,4.0,2021/1/6,0,1
253,啥玩意没有，搞几个水母，放点灯光，比较垃圾,1.0,2021/3/24,0,1
254,整体很满意啊，因为免费没有花钱，提前在美团上预订了，然后出行到那时间正好直接换票进去一条路线，不会走回头路，没有浪费时间，去过好多次了，之前都是花钱，唯一一次没有花钱，很开心，希望多免费,5.0,2021/1/10,1,1
255,不错，挺好,5.0,2021/3/26,0,1
256,很不错 不要推车 全是楼梯,5.0,2021/2/13,1,1
257,挺好的 动物不是很多，不过也是的可以，当时去的时候是免费的当时去的是后是暑假。然后当时因为疫情原因是免费开放的，我也不清楚现在是什么情况。还是挺推荐去的，里面的水母样式也比较多。总体还是比较好的。现在也不是说是免费还是不免费。,3.0,2020/12/22,0,1
258,很棒，比较推荐,4.0,2021/3/27,0,1
259,挺好的   青岛政府给力    政府从来没有这么好过,3.0,2021/3/20,0,1
260,"海洋生物真的好治愈。
各种水母太漂亮了。
趁着这次免费的机会，去了两次，最喜欢海豹馆了，如果去的巧，赶上饲养员喂食的时候，还可以看到海豹憨态可掬的表演。

周末人会很多，包括外地旅游的，但是流程式的线路，倒也很快。",5.0,2020/12/11,0,1
261,很漂亮，很好看，和海洋水底生物亲密接触。,5.0,2021/3/20,0,1
262,真的真的还不错，开心好玩好好玩哈哈哈,3.0,2021/3/21,0,1
263,太美了 超级好看 好多各种各样的水母 太爱了,5.0,2021/1/15,1,1
264,带小孩子去，挺好的，很满意满意满意满意,5.0,2021/3/20,1,1
265,还算可以！跟老公一起去的，很适合带小朋友去看看。,3.0,2021/3/17,0,1
266,免费的时候去的，人比较多，但是游玩体验还是不错的，有海兽馆，水母馆，海洋生物馆，无论是大人还是孩子去认识海洋生物或者感受海洋生物的美妙都是极佳的体验，水母种类非常多，非常漂亮，神奇，令人不禁感叹世界的神秘！,4.0,2021/1/4,0,0
267,学到了很多知识很开心🥳身为海边人有一些知识还是不知道的，走走溜达一下强身健体，去的那一天碰上科普导游，跟着听了不少知识，保护海洋环境，保护我们的生存环境，人人有责。到现在我都还记得，在海豹馆看到僧帽海豹灭绝时，内心的难过。希望多一些这样的活动🕊️,4.0,2020/12/22,0,1
268,主要是看鱼海星海豹等等，就在海边，马路两侧各有一部分展室，值得一看,4.0,2021/3/12,1,1
269,还可以，孩子喜欢，哈哈哈哈哈哈哈哈哈哈哈哈好,3.0,2021/3/19,0,1
270,还不错，有停车位，环境美好，适合一家人去观光。,3.0,2021/3/14,1,1
271,全水母，对水母感兴趣的可以去看看，现是免费的，还有水狮等，不多，水母拍照很漂亮，感觉买票有点贵了，性价比不高，不过现在免费，哈哈,5.0,2021/1/5,1,1
272,水母很漂亮！,4.0,2021/3/16,1,1
273,有点名不符实标本太多活物太少了,2.0,2021/3/13,0,1
274,还是建议别去了，基本啥东西没有，也就是免费去一下可以，花钱还是别浪费那个钱！去极地海洋一块看得了,2.0,2021/2/26,1,1
275,不错，去了两三次，正好搞活动，预约免费进去，,4.0,2021/3/12,2,1
276,科普拍照游览的免费好地，有一点点视觉震撼的效果,5.0,2021/1/28,1,1
277,太美了 太美了 好久没有去水族馆观赏海洋生物了,4.0,2021/3/11,0,0
278,挺好的就是臭，上头！你在哪有人啊！我的事啊？我也有什么了吧台的人，？，？？那个表的人呢，！。！，，刚回来你在干嘛呢啊哈哈个粑粑了？！我们这么大约吗你在干嘛去了呀呀！我就一个星期五十几号的票了一下子女，我在门口等我一下午都在家吗我就好,4.0,2020/12/28,0,1
279,非常好，值得去看一看，环境不错，点赞,4.0,2021/3/10,0,1
280,"非常给力！第一次来，免费，不花钱的就是香~
看到了水母，有很多品种。有的配上灯光，简直太美了！还有海豹跟海狮的区别，之前一直搞不清，这次科普就懂了~建议家长可以带孩子来，顺变学学知识！还有很多标本，值得跑一趟",5.0,2020/12/10,0,2
281,"【环境】因为疫情人不是很多
【交通】自驾去的
【项目】免费的
【餐饮】回家吃的",5.0,2021/2/27,1,1
282,非常棒的呀，免费预约，可以参观水母馆和海豹海狮，太可以了，交通的话需要先到路对面，如果误判需要多走好多好多的路，很不方便，中间的路之前都能走，但是现在已经封上了，不过水母很漂亮，非常值得一看，，，，，,5.0,2020/12/19,0,1
283,好，不错不错不错,4.0,2021/3/10,1,0
284,带着家人去看看吧,5.0,2021/3/11,1,0
285,不要钱真香,5.0,2021/3/10,1,1
286,水族馆  看了水母什么的   还不错  挺好的,3.0,2021/3/8,1,1
287,很棒呀，外地游客必备景点，就是深入进去门票有点贵呢,3.0,2020/12/28,0,1
288,截止到2020年12月31日海底世界水族馆都是免费的，但是需要提前在公众号预约，刷二维码就可以进入，公交车一般比较方便，在海底世界站下车就可以了，周末参观的人还挺多的，停车不大好tong停，拍照片还是挺好的，建议可以带孩子去看看，非常不错的地方,5.0,2020/12/12,0,0
289,"第一次去 居然预约免费 感觉比崂山的极地都美丽 孩子玩的也很开心第一次去 居然预约免费 感觉比崂山的极地都美丽 孩子玩的也很第一次去 居然预约免费 感觉比崂山的极地都美丽 孩子玩的也很开心 
【环境】很优美 正好是市南海边 看看海 挖挖沙 遛娃好地方
【交通】很便利 也有停车位 不用担心被贴罚单
【餐饮】吃的没怎么关注 去万象城周边吃的比较多",5.0,2020/12/2,0,1
290,非常不错，尤其是水母馆的小水母，有各种各样的，看着非常治愈，适合老人，情侣，孩子，都非常不错。趁着12.31之前免费，还不快去参观参观。还有海底世界可以去看，不过因为时间来不及就没有去。推荐大家去玩。,5.0,2020/12/23,0,1
291,"【交通】便利
【项目】很适合孩子
【环境】优良，逛完以后还可以去鲁迅公园逛逛",3.0,2021/2/27,0,0
292,领小宝宝去看很值得。推荐。假如是情侣，或者自己，还是换个地方吧。毕竟我们长大了，有了孩子是可以和孩子互动的,3.0,2021/2/18,0,1
293,人比较多，整体来说还不错,4.0,2021/3/7,1,1
294,还好玩值的看。世界万物无奇不有啊！,3.0,2021/3/5,1,1
295,很好很好,5.0,2021/1/3,1,1
296,好，特别适合带孩子去玩,4.0,2021/3/6,0,1
297,作为一名忠实粉丝我强烈推荐,5.0,2021/3/5,1,1
298,"【环境】
【交通】六星好评，多一星不怕你骄傲，还在犹豫的朋友赶紧下手，良心推荐，真的很不错，性价比也很高，以后还在这家买。总之：满意！满意！满意！",5.0,2020/12/2,0,1
299,不错，可以带着孩子去逛一逛，免费的不错了,4.0,2021/3/3,1,1
300,很好看，趁着国家政策免费，就去了，是假期期间人比较多。手机像素不好。拍出来灯光了。但是有的手机排出来就没有灯光。十分推荐大家去。除了水母馆，还有海族馆。有好多鲨鱼，还有企鹅，海龟。好像免费政策是到12月底，大家可以去看看呀！,5.0,2020/11/21,0,1
301,就这样吧，狗熊幼崽看护专业及猫科动物进化史论专家会成员乘飞天魔毯前来报道,2.0,2021/2/18,1,1
302,一次很愉快的游玩，看的品种很多，环境很好，服务满意。下次还会光顾。谢谢,5.0,2021/2/25,1,1
303,一般吧，没有想象中的那种感觉，好处是免费的,3.0,2021/2/28,0,1
304,还可以，环境不错，充值还送钱！,2.0,2021/3/2,0,1
305,挺好的   都挺好的  水母超可爱  下次还会来,3.0,2021/3/1,0,1
306,好。很方便，真不错，很好。欢迎大家使用。,5.0,2021/3/1,1,1
307,免费的 还挺好 领着孩子去看看海洋生物 挺好的,4.0,2020/12/28,0,1
308,赶上了免费的时候去的。参观了水母馆，海豹馆，海洋博物馆。下面的海底世界不免费。规模不大，适合组织青岛小学生参观学习，如果要是收费的话就不值了,3.0,2020/12/25,0,1
309,非常好玩,5.0,2021/3/4,1,1
310,"【环境】水母好漂亮
【餐饮】附近没啥吃的
【交通】地铁步行十分钟左右就到了",5.0,2020/12/24,0,1
311,疫情期间人很少，景色却一点也不逊色，种类繁多的淡水鱼馆，各种姿态的水母，憨厚的海龟，呆萌的小企鹅，活泼可爱的海豹，还有各种标本，馆内入目景色千奇百怪，馆外风景似乎更胜一筹，海洋馆临海而建，别具一格，环境舒适，景色宜人，交通便利，是休闲娱乐度假的好去处，周边配套设施齐全，更有特色餐饮，看海景，品美食，假期和家人朋友散心，小朋友参观写生都不错的选择,5.0,2020/10/26,0,1
312,真是不错，能有这样一个机会带着孩子免费过去玩玩，给你们点赞,4.0,2021/2/23,0,1
313,美丽！价格↑非常美丽！,5.0,2021/2/28,1,1
314,去的时候免费门票 人太多了 人挤人海啊,3.0,2021/2/26,0,1
315,👍👍👍👍👍👍👍👍👍👍👍👍👍👍👍👍👍👍👍👍👍👍👍👍👍👍👍👍👍👍👍👍👍👍👍👍👍👍👍👍👍👍👍👍👍👍👍👍👍👍👍👍👍👍👍👍👍👍👍👍👍👍👍👍👍👍👍👍👍👍👍👍👍👍👍👍👍👍👍👍👍👍👍👍👍👍👍👍👍👍👍👍👍👍👍👍👍👍👍👍👍,3.0,2021/1/23,0,0
316,没有太大变化，跟几年前一样，观看演出太拥挤,2.0,2021/2/25,0,1
317,介绍的和实际不一致，虚假宣传，非常失望,2.0,2021/2/25,0,1
318,很好，免费的，还可以看海豹，海狗，海狮，非常好👍周边环境也不错，风景优美。背靠大海。小动物们的生存环境太狭小了，尽量给她们提供更宽敞更舒适的环境吧，可不可以在海中开辟一片天地给她们自由翱翔。望更好。,5.0,2021/1/14,1,1
319,青岛水族馆----中国第一座水族馆，历史是比较悠久的了。免门票，和朋友相约一起去参观。首先进去的是梦幻水母宫，最值得一去的场馆，确实很梦幻，形形色色的水母，各色各异。在不同的灯光照耀下，焕发出不同的魅力，非常陶醉。,5.0,2020/12/6,0,1
320,"现在都是回忆了……

1.不错的，有美人鱼表演 ，海洋剧场，3D电影，王子喂食，抱真鳄鱼合影等。

          2.境真的不错。还可以接触那些海洋宝宝，开心，欢心！表演无比绝伦，优雅美妙，赞叹！那些水母馆让人留恋往返，孩子迟迟不愿离去，妙哉！ 两个字：真好！

          3.去海洋馆玩，在网订的票，真的很方便也很实惠，还不错，都很喜欢",5.0,2020/10/25,0,1
321,真的是太好了，这一次是免费的免费到2020年12月31号以前花钱进来过很不错，这一次免费拿又来了一次除了海底世界其他地方都可以去梦幻水母宫，生物标本馆，海豹馆，还有淡水生物馆都可以进体验非常好的一次。￼如果有机会在年底之前还会再来😎😎😎😎😎😎,5.0,2020/11/12,0,1
322,青岛因海而生，终于来了心心念念的青岛水族馆，里面真的惊呆了，好多海洋动物啊，瞬间打开了无限的视野，顺便打卡了海誓山盟，嘻嘻嘻嘻,4.0,2021/1/3,1,1
323,"很好玩！水母海豹，海狮。都好看。
小企鹅就一只了。",5.0,2020/12/31,0,1
324,孩子挺喜欢的，周末人好多，地方不大。,3.0,2021/2/22,0,1
325,"太太太太太太太震撼了
环境特别好 进去里面感受到不一样的世界
就是我去的时候人有点多 人挤人的感觉 没能太好好的欣赏
非常适合小情侣去约会 女孩子👧幸福的眼神
在蓝色的世界心情都是放松的😯😯😯😯😯😯😯😯",5.0,2020/12/4,0,1
326,免费的时候预约的 麻雀虽小 五脏俱全,4.0,2021/2/22,0,1
327,特别好看，环境不错，小朋友很喜欢,5.0,2021/2/21,1,1
328,只去了海蜇馆。。。。。。。。。,2.0,2021/2/26,1,1
329,免费的青岛水族馆不要太棒啦！水母太可爱了！真的是海绵宝宝的水母！太可爱了！她真的非常可爱！！！青岛事一座很美的城市，有机会一定会再去的！免费的青岛水族馆不要太棒啦！水母太可爱了！真的是海绵宝宝的水母！太可爱了！她真的非常可爱！！！青岛事一座很美的城市，有机会一定会再去的！免费的青岛水族馆不要太棒啦！水母太可爱了！真的是海绵宝宝的水母！太可爱了！她真的非常可爱！！！青岛事一座很美的城市，有机会一定会再去的！,5.0,2020/12/8,0,1
330,免费的都是好的,4.0,2021/2/25,0,1
331,很不错 很多贝壳 玩动森里的贝类都见到了,5.0,2021/1/11,0,1
332,门票免费，很值得一去,5.0,2020/12/30,0,1
333,很好很强大,5.0,2021/2/22,1,1
334,强烈推荐，好多水母，很漂亮哦，别的还有海狮海豹企鹅什么的，而且免费，非常棒了，有机会再带家里人去看看，海龟也特别大哦,5.0,2020/11/25,0,1
335,非常好，打卡,5.0,2021/1/24,1,1
336,"在海兽馆竟然见到了两只海狮kiss  太有爱了～水母馆好梦幻～目前免门票真是超值了～周末假期的好去处。想去的不要犹豫啦  快快行动吧～
在海兽馆竟然见到了两只海狮kiss  太有爱了～目前免门票真是超值了～周末假期的好去处。想去的不要犹豫啦  快快行动吧～",5.0,2020/12/6,0,1
337,免费就很不错，漂亮,5.0,2020/12/18,0,1
338,很好的观景散步的打卡地，太人性化啦不要钱哦，快去看看大海的小精灵吧⭐⭐,4.0,2021/1/2,0,0
339,全家一起去的，宝宝兴高采烈。当天人还算蛮多的，大家都带着口罩，不过心情很活跃，体验非常棒。家里有娃的朋友，可以休息日带上孩子家人一起去游玩，体验一下海底世界的水一族，顺便给孩子科普一下海洋和海底动物方面的知识哦，多开开眼界，让宝宝随时随地长知识，游览非常好去处，点赞👍推荐！,5.0,2020/10/28,0,1
340,值得一去,5.0,2021/1/1,1,1
341,水族馆的水母真的好好看，在蓝色背景灯下闪闪发光，各个品种的都很绝，适合给小朋友做科普，其他的就还行，呆的时间久就了就有点闷，水族馆人挺多的，要是想多呆会建议人少的时间去不至于太挤，馆里品种挺多的，科普性还是可以的,3.0,2021/6/27,0,0
342,非常好看去了好几次非常好去了好几次喜欢看,5.0,2021/1/1,1,1
343,一般般，后悔去了，还得至少15字，不知道咋在呢,1.0,2021/2/17,0,1
344,水族馆有很多水母，特不错，像海洋生物馆,5.0,2021/2/17,1,1
345,服务很热情，人多，但不乱，很满意的一次旅游！,4.0,2021/2/13,0,1
346,好看，很漂亮,4.0,2021/2/19,0,1
347,活动期间免门票去的，很好，能看的东西很多，还有讲解，很详细，来这里找讲解员聊天也不错😂,4.0,2021/2/6,0,1
348,"不错，不错，
【交通】交通方便，，",5.0,2021/2/15,1,1
349,只能去水母宫和海狮海豹馆，还可以，周末有时间可以带家人朋友一起去体验体验，需要提前预约，在预约时间内入馆。想要参观淡水馆需要再买全票，，，，，相当于没有免费。水不是特别清，重点放在观察而不是拍照比较好。,3.0,2020/11/27,0,1
350,还不错，孩子玩的比较开心，人比较多,4.0,2021/2/13,0,1
351,亮点就是免费很开心,4.0,2021/2/16,0,1
352,非常好，完美,5.0,2021/2/16,1,1
353,还可以，算是涨涨见识了，下次还来,3.0,2021/2/14,1,0
354,人比以前少多了，感觉没有以前的气氛，很多摊位也撤掉了,3.0,2021/2/8,0,1
355,一直喜欢海底生物，这次水族馆免费预约就可以还是值得去看看滴，小朋友比较多，自己也算是有一颗童心。喜欢自己一个人出行不用顾忌别人，想去哪就去哪想怎么去就怎么去，这次一天也算是体验了很多。虽然以前也来过但是这次体验是最丰富的。,5.0,2020/11/15,0,0
356,"用力抬说还不多，
【交通】比较方便
【环境】全都是水母，其他的很少
【餐饮】没有啥吃的，而且很贵，建议自己带好吃的
里面很漂亮，各种各样的水母，趁着不要钱大家快冲啊冲啊，上次家教的钱家长还没有及时给我，挖地基也他玩了",3.0,2020/11/16,0,0
357,十月一期间去的，人很多，在公众号免费预约的没有花钱，看了标本馆，里面有各种各样的动物标本，增加了见识，后面的生物馆需要自己买票，进去之后蓝色的背景非常梦幻，周围到处都是🐠游来游去，伸手触摸感觉很赞，等了一会还有美人鱼表演，伴随着故事让人觉得跟童话世界一样，最后还有淡水馆里的小动物，各种各样五彩斑斓，真的是很赞，不负此行，推荐大家去。,4.0,2020/10/4,0,1
358,当时预约就可以进，海豹水母都好好看，可以拍照，喜欢,5.0,2020/12/19,0,1
359,里面的环境很好，水母都很漂亮，种类也很多，还遇上了许多待着宝宝去的家长，感觉让孩子更加喜欢海洋环境了呢，果然教育还是要从娃娃抓起。里面的海豹也很可爱，长得胖胖的，还有一只好大好大的龟，总的来说是非常不错的一次体验，最重要的是陪我去的人，希望以后永远幸福,5.0,2020/11/9,0,1
360,"【环境】地方是风景区，海水浴场，小鱼山，附近还有中山公园，游玩以后可以就近逛公园动物园，
【交通】方便，好几路公交车都到那，
【项目】水母馆漂亮，海豹馆，淡水鱼馆震撼，特别是水里面的大鱼一条得有500斤吧，视觉盛宴，标本馆也有，除了海底世界需要另付费其它全免票，有4个馆呢，淡水鱼馆在道路对面，政府工作做的真好",5.0,2020/10/2,0,1
361,还行，挺好的，就是评价非得写十五个字，太麻烦了，我不想写吧他还让我写，让我写吧，我真不知道也啥！,3.0,2021/2/3,0,1
362,"非常喜欢，领着孩子去的，孩子们孩子们都喜欢的不得了，还会在去的，明年夏天再去。
非常喜欢，领着孩子去的，孩子们孩子们都喜欢的不得了，还会在去的，明年夏天再去。
非常喜欢，领着孩子去的，孩子们孩子们都喜欢的不得了，还会在去的，明年夏天再去。",5.0,2020/12/23,0,1
363,好久没有来海底世界这边了，之前买通票过来时候海豹馆还在装修没看着。这次来海边顺便来逛逛，装修完以后真的是挺不错的，而且还免费。比之前的要漂亮多了。水母馆反正就是光线暗，一直还是老样子。孩子说了周末还要去看海豹，好可爱。,5.0,2020/11/16,0,0
364,"今年免门票真是太好啦，认识了很多水族生物，还拍了美美的图片，水母太好看啦！！！
【环境】挺好
【交通】比较便利，青岛有地铁真好
【餐饮】里面没卖吃的的，不是特别大，看完再吃就可以
【项目】很多水族生物，水母最多",5.0,2020/10/26,0,1
365,赶上青岛景区免票进去，真的很赞，推荐,4.0,2020/12/17,0,1
366,孩子应该特别喜欢！…………………,3.0,2020/12/27,0,1
367,近距离欣赏水母非常漂亮，环境很不错，值得来观赏！,4.0,2020/12/13,0,1
368,青岛水族馆确实很奇幻、很好看，海底生物太漂亮、太美丽！,3.0,2021/2/3,0,1
369,稍微远了点，孩子很喜欢去，一直念念不忘,4.0,2021/2/5,0,1
370,享受政府的免费门票政策来参观的，非常好希望政府经常干这样的惠民政策。,4.0,2021/1/31,0,1
371,可惜没看到水母没有看到水母看到了海龟和海豹  而是买烤肠的阿姨服务态度也不好 玩男朋友问了一下水母馆在哪？然后我们九直接走了 但是阿姨说：你连一声谢谢都不说  我们还对你说过谢谢你都没有给我们想要的答案凭什么对你说过谢谢,1.0,2021/1/2,0,0
372,太适合拍照了,4.0,2021/1/10,0,1
373,"青岛水族馆预约观赏
馆内干净，微循环原生态透明设计展厅，色泽亮丽，灯光照射异常优美，微生物体态，行走各异、微生物一举一动尽收眼帘，非常之享受快乐之感。",5.0,2020/11/1,0,1
374,【环境】挺好的。看了好多可爱的动物。,4.0,2020/12/27,0,1
375,最老的水族馆，有一种历史的韵味，但是丝毫没有老旧的气息，水族馆不像一般的那样在一栋楼里，而是开放的，连接着鲁迅公园，一个个场馆是分开来的，周围风景宜人，就在海边，周末小朋友也是真的多，最近门票免费，要抓紧去打卡呀冲冲冲,5.0,2020/11/13,0,1
376,"【交通】坐3号线地铁在人民会堂下
【环境】沿海边看风景，依山傍海，很美哟
【项目】参观了水母馆、海豹馆、标本馆
【购票】提前在公众号预约即可（免费）
周末带娃逛个水族馆还不错哦，推荐水母馆，小盆友们比较喜欢😘",4.0,2020/10/31,0,1
377,之前一直听说水族馆免费没有机会去，趁着现在人不多，抓紧去打卡，果然没让我失望，里边有各种神奇的好玩的海洋物种，水母馆，海狮管，淡水生物馆等。都非常棒，坐地铁3号线汇泉广场下车，交通便利，推荐大家带孩子去,5.0,2020/11/7,0,1
378,青岛水族馆，到年底都是免费的哦，非常值得一观，特别是水母馆，如梦如幻，非常漂亮。海豹馆的小可爱们也非常cute。还有肥肥的海狮和海龟……大家有时间一定要去看一下，尤其是小朋友们，一定会非常开心，非常喜欢的。,5.0,2020/11/21,0,1
379,毕竟是白嫖的，一般般吧。水母还挺多的,3.0,2021/2/3,0,1
380,挺好的，干净整洁！非常不错，关键是不用花钱,3.0,2020/12/1,0,1
381,水族馆很好看 ，有三个馆可以免费参观，第一个先进的水母馆，各种奇形怪状的水母游动在水中，很好看，第二个是海象 海师 ，也很好玩，最后一个是各种鱼类，颜色各异，种类繁多，走完三个馆大概两个小时，周末可以去看看，值得推荐,5.0,2020/11/18,0,1
382,"很不错的免费景区，里面很多水母，还有大王八和海豹。
很不错的免费景区，里面很多水母，还有大王八和海豹。
很不错的免费景区，里面很多水母，还有大王八和海豹。
很不错的免费景区，里面很多水母，还有大王八和海豹。",4.0,2020/12/6,0,1
383,来青岛旅游一定要来水族馆打卡，探寻大海深处的奥秘，开阔一下眼界，了解一下海洋科普知识，是大人和孩子必不可少的学习圣地。在这里你能看到各种各样漂亮的水母，在水中游来游去千姿百态，海豹，海狮，海龟，还有企鹅，各种的贝类，鱼类和大型海洋哺乳动物的标本，海洋的魅力超乎想象。,5.0,2020/10/10,0,1
384,"【环境】挺好的 ，周二去人也不是很多，很干净。
【交通】距离火车站很近，小青岛公园，鲁迅公园都很近可以步行到达。
【项目】因为是免费预约的票，看了水母馆，水母种类很多很好看，适合带小朋友去。看完超想和派大星一起去捉水母。还有海狮海豹一只企鹅和几只乌龟。没有了。如果买票的话，我觉得三十块钱比较适合，再贵就不划算了。",4.0,2020/9/23,0,1
385,"【环境】不错
【交通】便利",4.0,2020/12/26,0,1
386,趁着水族馆馆免费来的，人不是特别多，不用排很长的队，可以免费参观水母馆，海豹海狮馆，看到动物的同时，也增长了很多知识。特别是水母馆，各种各样的，非常漂亮。海豹和海狮也都非常活跃，很有意义的一次参观，参观完后还可以去海边走走，非常舒服！,4.0,2020/11/4,0,1
387,做为青岛本地人，仅是在N多年前到过水族馆，这次陪外地的亲戚一起去玩，真是不一样的感觉，如梦如幻，水藻神奇，仙境一般，强烈推荐本地朋友和外地朋友去玩！！,5.0,2020/11/14,0,0
388,看水母免费，看水族馆还是要99元,3.0,2021/1/16,0,1
389,很多生物都是第一次见，满足了猎奇心,3.0,2021/1/31,0,1
390,很不错👍可以带孩子感受下 外面风景也很好,5.0,2021/1/30,1,1
391,好的，可以，水母挺好看的，就是有点少,3.0,2021/2/1,0,1
392,"八月一号开始青岛有十二家旅游景点免费对外开放[爱心]
今天跟着斑马来来青岛水族馆看看吧👀

📍详细地址：青岛市市南区莱阳路4号[胜利]海底世界斜对面，跟着导航🧭走，走西侧的门提前预约更合适[爱心]

🚗交通攻略：开车的话可以停到鱼山路那边走下来，周围停车不是很方便，公交车🚌还是很多的，地铁🚇三号线人民会堂也比较遥远[流泪]

🕙开放时间：现在是最晚18:30入场，尽量早一些过去，和人之间距离大一些，疫情还需要注意⚠️

💰门票价格：免费🆓水母馆和海豹🐬馆

🌟亮点特色：

1⃣️水母馆：整体不是特别的大，里面有各种软体动物🧞‍♂️，最亮眼的就是水母群，加上灯光🌟特别的美，让人驻足观赏心旷神怡[爱心]

2⃣️海豹馆：以为只有一个场馆免费🆓，下面的海豹馆也是免费的，同样的方式就可以入场啦，这里主要是海豹和海狮，大家都看过海洋动物表扬[强]这两种动物都是特别的聪明，小动物们都是萌萌哒，可以周末溜娃还长知识，海豹和海狮的区别有三点，耳朵、前鳍和尾巴[爱心]

📌小Tips：

1⃣️携带好健康码，可以提前预约免得空跑，免费不包括海底世界主会场[爱心]",5.0,2020/8/17,1,4
393,在网上预约的 免费预约 去了4个馆 感觉海豹馆最适合我们 因为宝贝小 别的看不懂 也没有兴趣 对动的物体特别感兴趣 追着跑 但我感觉水母馆跟好看一些 真的很漂亮 呵呵 照的不好 玩一下午是可以的 顺便还可以去遛海边 挖个小蟹子啥的😃,5.0,2020/11/8,0,1
394,"工作人员很热心很负责。场馆不大，很快就能逛完，水母和珊瑚都保护的挺好，两只海龟还是玳瑁特别大，让人想起来西游记驮着唐僧过海的大龟。
小青岛公园就很不厚道，九月份去要现场预约，结果四点半到那工作人员说四点截止进园。然后我们十一期间三点过去，到了说约满了进不了，这也太坑了吧，说好的要现场预约这次直接改线上了，我们不知道在美团约啊，白白跑过去两次，太窝心了。以后景区工作人员负责一点吧，把预约途径和二维码都放在现场，不要让人两次都扑空！",5.0,2020/10/9,0,1
395,环境好，上餐快,4.0,2021/1/31,0,1
396,"还好
【环境】挺好
【交通】也挺好
【项目】也挺好
【餐饮】也挺好",3.0,2021/1/26,0,1
397,水母，海豹，海狮，企鹅……免门票，带小孩子来逛逛的话非常不错,4.0,2020/12/13,0,1
398,水母很漂亮，孩子喜欢看，孩子很喜欢美人鱼,4.0,2021/1/28,0,1
399,青岛水族馆是青岛老牌的海洋类博物馆了，其主体建筑曾被誉为青岛最美的老建筑。目前免费开放三个馆，一个是淡水鱼馆，在莱阳路靠山的部分，里面20多种淡水鱼类，还有蜥蜴、蟾蜍、大鲵、扬子鳄、泰国鳄、海龟等两栖动物。另外，靠海的一侧主要梦幻水母馆和海豹馆。水母馆非常美，海豹馆主要是60多头斑海豹，和海狮、企鹅等。全程逛下来也就一个多小时。,5.0,2020/9/11,0,1
400,超好看！！！超推荐 很出片啊赶紧带上你的小姐妹去吧！,5.0,2020/12/26,0,1
401,总体来说挺好的，只有水母宫是免费的，没大有什么看头。,3.0,2021/1/24,1,1
402,非常好，预约速度很快，免费看,5.0,2020/12/4,0,1
403,免费的，当然要去，很方便，手机上当场就能操作,5.0,2020/12/6,0,0
404,大人孩子都很多，各种水母很漂亮，海龟慵懒，小鱼儿悠哉悠哉，感觉很棒,4.0,2020/11/25,0,1
405,很推荐，超级治愈的一个地方呀～ 水母企鹅海豹都好可爱，水母馆真的太赞了👍，可以带小朋友去玩一玩，而且免费，微信公众号预约一下就行了，就很nice～ 值得一去，hhhhhhhhhhhh凑字数从现在开始了了了了了,5.0,2020/11/12,0,1
406,非常钢铁和我的朋友们一起的时候我们都在这里生活水平不断提高警惕，我的人生就是说我是一名作家的朋友可以理解的时候可以接受这个世界,4.0,2021/1/5,0,1
407,免费的 很8错,4.0,2020/12/31,0,1
408,是一个免费的项目，很不错，有海葵还有各种鱼类，还有海狮海豹，值得一看！,4.0,2021/1/19,0,1
409,很喜欢，还会去的，给十五分好评,5.0,2021/1/28,1,1
410,就是品种有点少，还是不错的，水母很漂亮，养眼又很萌～,4.0,2020/11/18,0,1
411,"【项目】有海豹馆  淡水鱼馆  生物馆   等 这几个疫情期间可以免费去  海狮海豹非常可爱   
【环境】环境优雅 出门有庭院  大海 海风 还可以坐快艇  
【交通】比较方便 进去直接扫码  不需要出示身份证等证件  非常方便
【餐饮】游园没没有什么餐饮 只有卖小吃的   自己可以考虑要不要购买  总体来说是一个适合情侣，朋友，同事去的地方",5.0,2020/9/20,0,0
412,很好  主要是不要钱，停车也可以  一次4块钱 ，很好,4.0,2021/1/23,0,1
413,周末约着小伙伴一起去的，很好玩,4.0,2020/12/5,0,1
414,感觉现在政策非常好，是免费参观的，一共有四个馆，有水母宫还有海豹馆，还有两个标本馆，非常值得一看，周末去的，有专门的停车场，停车方便而且不贵。参观的人还可以，检查了身份证还有健康码，很快就进去了。很开心的一次体验！,4.0,2020/11/5,0,1
415,不错远有小时候的记忆，陪老母亲去看的,4.0,2021/1/21,0,1
416,"【环境】周末里面人很多但是还是很干净，小动物很可爱😲
【项目】除了海底世界收费别的都去看了，线上提前预约刷码进去就可以。
下次可以去海底世界看看最好避开假期和周末因为人真的很多 哈哈哈🤭",5.0,2020/10/27,0,1
417,非常美丽的水族馆！像一个小型的海底世界！去年去了海昌极地海洋世界，今年国庆选择在市中心玩，就去了水族馆，第一次来，超乎想象的美！里面水母居多，妹妹和爸爸妈妈都很喜欢，不用门票，人也不是特别多，很漂亮，门口预约很方便！下次和朋友一起来！,5.0,2020/10/6,0,1
418,还可以 比较小 但是免费观看。。。。。,3.0,2021/1/25,0,1
419,去一次不错，经常去就没啥意思了，图个新鲜吧,3.0,2021/1/21,0,1
420,很好，很漂亮,5.0,2021/1/10,1,1
421,"水族馆很大种类很多的鱼哦🐟
去完水族馆就去旁边浴场开心开心快乐幸福开心快乐健康成长
团下时心里还觉得一个价钱不知道怎么样，结果是感觉比想象中令人满意，希望店家多搞活动，下次会再团。哈哈哈哈开心开心开心我",5.0,2020/10/30,0,1
422,网上订票非常方便，还是那么的好玩,5.0,2021/1/24,1,1
423,免费，小孩喜欢去，每周都要去，太好了,4.0,2020/12/14,0,1
424,青岛水族馆很美，漂亮，大气。我领着外孙去的，外孙很喜欢。期待下次再去。,5.0,2021/1/17,1,1
425,"【环境】
【餐饮】
【餐饮】
【项目】不错不错不错不错的",5.0,2021/1/21,1,1
426,"还可以，免费，免费的海洋馆。
【环境】比较新。
【交通】比较便利，有地铁。",3.0,2021/1/18,0,1
427,"还行吧
【环境】
【交通】
【项目】
【餐饮】还可以",3.0,2021/1/21,0,1
428,挺好玩的。,5.0,2021/1/24,0,1
429,不错 挺好的  还可以，喜欢，去玩玩吧,3.0,2021/1/22,0,1
430,发发发你不会刚刚发的vv刚刚刚刚好,3.0,2021/1/25,0,1
431,总体还可以 和家人一起玩的很开心 有意者可以去试一下,3.0,2021/1/19,0,1
432,好好，可以,4.0,2021/1/23,0,1
433,水母宫的检票员态度很差，可能因为是免费的票，所以就和欠她钱了一样。海豹馆的态度挺好，反差真大，一线的员工真得好好培训一下，这样的态度怎么给企业带来价值？,2.0,2020/12/19,0,1
434,只开放了一小部分，不过人不多，比较满意,4.0,2021/1/21,0,1
435,夏天去的人挺多  就有几个水族箱  有机会一定要去海底世界看看,4.0,2020/11/13,0,1
436,特别适合孩子   涨知识   水母   海豹   海狮   企鹅🐧   抹香鲸的标本   淡水鱼,5.0,2020/11/12,0,1
437,"青岛人应该是不怎么去这些地方的 但是去了一次感觉还是不错 虽然不是那么大 但是能看的东西还是不少的 比较建议带小朋友来
青岛人应该是不怎么去这些地方的 但是去了一次感觉还是不错 虽然不是那么大 但是能看的东西还是不少的 比较建议带小朋友来",5.0,2020/11/16,0,0
438,非常喜欢青岛水族馆，青岛水族馆位于莱阳路上，在路南进去只要刷码就可以了，最喜欢的就是水族馆，水族馆里水母非常漂亮，游动起来像仙女一样。让人感觉 非常的放松嗯水母管理还有三只大乌孩子们非常的喜欢大乌龟。然后往前走，就是嗯海狮和海豹馆中间，还可以看到漂亮的大海，海报和海狮也和孩子们互动。 主要现在是免费，不要错过这个机会哦。,5.0,2020/10/11,0,1
439,就是停车位太难找了，其他的都挺好的,3.0,2021/1/20,0,1
440,值得带孩子去，水母很漂亮,4.0,2021/1/21,1,1
441,海豹非常可爱，然后海龟也是，我都拍下来了，里面的水母，也好看，因为我在青岛待了很长时间，都没有去看，我一开始感觉不好看，但是一去就被海豹，还有里面有鲨鱼馆，海洋生物馆，海豹馆，里面还有海狮，然后很多，只是没有好好去看,4.0,2020/11/6,0,1
442,"【环境】优美，附近很多好玩的地方
【交通】有停车场，一个小时八块钱
【项目】就是水母馆，里面的海狮什么都是收费的，一百二一个人，可以玩好几个馆，还是很建议去玩的，带着宝宝看看，
就是很多阿姨强卖强买很烦人，硬塞你手里",4.0,2020/10/4,0,0
443,值得去报一下。某野啊所以担心我的时候到了吧亲人朋友还不知道了解历史密斯特岗位你绝对啊所以周六周天是我的吗还是啥时候能跟人家说是这么说我了我想着是我想多了也没用啦？墨兰蔻奇迹再现在进门子淄博师专业的呢！嗯嗯好哒谢谢糖糖乐团购了解历史好像有差别吗唉唉声叹气死我了快去吃，所以。,3.0,2020/10/9,0,1
444,很满意，很适合大人小朋友一起玩耍,4.0,2021/1/16,0,1
445,开心,5.0,2020/11/29,0,1
446,不咋地，啥也没有，免费的看的东西很少。,2.0,2021/1/17,0,1
447,"首先感谢政策，现在水族馆免门票
我是去了水母宫和海豹馆，据说还有别的馆，但是我没找到，也没去，主要是我就是想来看水母，抖音上关于水母的小视频都好好看
入口在水母宫的入口，根据提示很好找，验票后就可以进去看水母，地方挺小的，但是种类很多，水母是真的好漂亮，自带发光
除了水母宫，下去台阶就能看到海豹馆，这个也是免费的不需要再次买票，直接进去就可以。",5.0,2020/9/12,0,1
448,乘坐1块钱公交车6号线到鲁迅公园站，本来打算去海军博物馆，谁知闭馆维修，孩子有点小失落，幸运的事来了，水族馆免费开放，小小的水族馆，大大的知识，孩子很开心，孩子的海洋百问开启了，涨知道了，海底世界＋水族馆都值得亲子游。,5.0,2020/10/4,0,1
449,免费预约去的，很漂亮，爱了爱了,5.0,2020/11/13,0,0
450,就是企鹅有点小孤单,4.0,2020/11/18,0,1
451,带孩子来开阔视野，很棒。,5.0,2020/12/18,0,1
452,人很多 场地不大 当时免费入馆才去的 如果不免费的话 应该不会考虑去,2.0,2021/1/12,0,1
453,"🦛游玩路线：
1、第一站——梦幻水母馆，进门展示预约的二维码（📌tips：剩余的所有都需要这个码哦，可以提前截图哦）基本是看水母为主，有几个大的玻璃窗适合拍照，早点去拍照的人少哦。
2、第二站——海豹馆，看海豹为主，还有海狮、企鹅和海龟，可以在大的玻璃窗前拍照，但是海豹海狮都在游，很难抓拍，就看你的摄影技术啦。
3、第三站——海洋生物标本馆，基本都是小型或者大型的标本，有文字介绍，也可以拍照打卡哦。
4、第四站——鲸馆，基本是鲸鱼的标本，可以拍照打卡，还有北极熊标本哦！",3.0,2020/9/12,0,1
454,没啥意思，去一次就不想去第二次,2.0,2021/1/16,0,1
455,人很多，游览的地方很多，孩子很喜欢,4.0,2021/1/16,0,1
456,里面的环境不错，还有海龟企鹅，水母种类繁多长见识了,3.0,2020/11/29,0,1
457,還不錯，到此一遊,4.0,2021/1/18,0,1
458,"首先，海底世界不是免费。很多人都误解了。
水族馆带孩子去看看还是不错的吧。
从海底世界售票口往西走一段那里进，没提前预约的可以门口预约，等大概五分钟就能进去了。先去看水母，拍照圣地，随手一拍就美绝了，拍出来简直太好看。
出来往下走去看海龟海豹啥的，小企鹅只有一只，孤零零的看着。看完海豹出去的，记得过马路去看对面的淡水鱼馆。",4.0,2020/9/17,0,0
459,太好看了！很出片！！哈哈哈，免费的东西不香嘛！,5.0,2020/12/15,0,1
460,趁着免门票期间来的，可能让参观的馆比较少，所以觉得一般,2.0,2021/1/10,0,1
461,还不错，虽然小了点，但是免费已经很难得了,4.0,2020/12/26,0,1
462,还不错，带着朋友一家人来看，孩子很喜欢，,3.0,2021/1/10,0,1
463,很漂亮，建议人少的时候去，可以安静欣赏,4.0,2021/1/9,0,1
464,虽然是海边长大的，还是很喜欢水底世界，漂亮的水母家族，淘气的海象海狮~很有趣哦！这会免费活动限流~需要提前预约时间段，适合一家人游览的地方~宝宝们的科普最好不过了！玩起来有滋有味，也不累~就在鲁迅公园前面那个哦！两个馆可以玩耍~,4.0,2020/9/24,0,1
465,带孩子来玩，孩子很喜欢，停车也很方便,5.0,2021/1/11,1,1
466,十一期间去的青岛，在网上约的水族馆，进去之后都是模型和标本，然后从这个馆里出来就指示去了收费的海洋馆了。不过看介绍，好像还有好多地方没去，就是不好找，最后打听了好几个人才走到那个正经地方，太难了。如果不做好攻略，很容易就花了冤枉钱去海洋馆,3.0,2020/11/20,0,1
467,"孩子特别喜欢！十一期间去了2次~水母好美啊！！！海豹海狮也超级可爱！
但是看到有游客很讨厌伸手去抓玳瑁，还边抓边拍视频。请问抓了玳瑁你就能上天？？？手怎么这么贱啊！！
希望能有工作人员看着并及时制止这种人。本来动物被关在小水池里就很惨了还要被某些人抓来抓去",4.0,2020/10/12,0,1
468,非常不错了，人少的时候去很好，小孩很喜欢水母和海豹,5.0,2021/1/3,0,1
469,"挺好的✔
真的挺好的✔
下次还会想去✔",3.0,2021/1/14,0,1
470,特别好，开阔视野,5.0,2020/11/11,0,1
471,体验还算挺好的，特别是海狮海豹馆很喜欢。 唯独水母馆检票员态度不好，不管是本地人还是外地人、老年人还是年轻人说话都很强硬，无人情味，不适合干服务行业。建议加强服务行业的相关培训,4.0,2020/11/21,0,1
472,青岛水族馆到2020年底前，已经免费开放，景点分为水母馆，海豹馆，淡水鱼馆，非常值得过来参观，特别是带小朋友来看看，海洋世界，学习知识很有必要，提前5分钟预约即可，扫码进馆，工作日人少一些，非常棒,5.0,2020/10/23,0,1
473,怕国庆黄金周人太多，赶在十一放假前去的，人不是很多，在公众号上提前预约就行，有4个馆是免门票的，孩子两岁半，带着去看了水母，企鹅，海狮，海豹。停车场不是很大，停车不太好停，建议公共交通前往，等孩子大一点会在带她去,5.0,2020/10/20,0,1
474,非常满意，水族馆特别漂亮，里面各式各样的水母五彩斑斓美不胜收，还有海狮海豹游来游去，很好看啊，点赞！！,5.0,2020/12/26,0,1
475,小孩很喜欢,5.0,2021/1/12,1,1
476,一般吧   没什么兴趣 人多的挤着走  没有想象中的好,2.0,2021/1/9,0,1
477,挺好的，回来就通知去做的核算检测，不一样的体验，棒棒哒,5.0,2021/1/5,1,1
478,哈哈，因为今年特殊情况，免门票，正好宝宝小，花钱也看不明白个啥，免门票带宝宝去看看溜达溜达还真挺不错的，有两个馆免费吧，海豚馆还有水母馆应该是，人还可以，不多不少，拍拍照，然后看看标本长点基本知识，不错，挺好的选择！！,3.0,2020/9/28,0,1
479,就是一个简简单单的水母馆，十分钟就逛完了，商家的主要目的是让大家消费去旁边的海底世界，单独为看水母来看真的没有必要，但是沿海一条线拍照真的很好看，景色很美，出大片的地方，周末去的时候人好多，可以挑其他时间去,4.0,2020/10/6,0,1
480,海底世界水族馆很惊艳，买票验票都很方便，里面很大，可游玩性也很大，里面有各种各样的水母，还有海龟和海豹，海狮。海狮很顽皮，很喜欢小朋友，对着小朋友做各种各样的表情，人也不是很多，适合一家人去看看，真的很有意思。,5.0,2020/10/20,0,1
481,整体不错就是感觉有些小，当时和朋友一起去的，朋友很喜欢，夏天去是个很凉爽的地方,3.0,2020/12/27,0,1
482,蛮好的，很好看美丽,4.0,2021/1/10,0,1
483,水母馆观感挺好的，种类丰富，推荐工作日去，人少安静。,3.0,2020/11/2,0,1
484,刚好免费的，就预约过来看看，只有水母可以免费看。不过也挺好的，挺多水母种类，有的很好看很神奇。,4.0,2021/1/1,0,0
485,超有意思,5.0,2021/1/13,1,1
486,全是标本 还不够油钱 真是没啥意思,2.0,2021/1/7,0,1
487,"【环境】还可以
【项目】还不少可以看见很多水母什么的",3.0,2020/11/15,0,0
488,周日去的因为是休息日所以人超级多，大人孩子一大堆人…不过看的也还算过瘾，不要这么多人就更好了😉,4.0,2020/10/26,0,1
489,品种多样的水母，科普好地方！,5.0,2021/1/7,1,1
490,挺好的，还是免费的，可以给大家科普一下海洋知识，提升全民素质,5.0,2020/11/6,0,1
491,人太多，但是免费哦，不错的选择，带孩子去不错的,3.0,2021/1/4,0,1
492,环境不错的，现在直接去免门票，水族馆不花钱，海洋世界还是的。这里交通不方便，建议走路或骑车来。水族馆里有海豹海龟，还有水母馆，适合家庭，有带小孩👶🏻子的去，里面有空调冬暖夏凉的。附近没有卖吃的，记得带点。,5.0,2020/10/6,0,1
493,除人太多了，节假日去的，其他的都很好，里面水母很漂亮,3.0,2021/1/4,0,1
494,太美啦  免费更香,5.0,2020/11/18,0,1
495,美丽,4.0,2021/1/10,0,1
496,赶上免费票，风景非常棒。水族馆里很干净，各种各样的水母非常漂亮，小海豹还有小海狮都太可爱啦！！！但是，馆里只有一只小企鹅，孤零零的站在那，太孤独啦！！怪可怜的，快点儿快点儿给它找个伴儿吧！！！！！！！,5.0,2020/10/30,0,1
497,好👌，我的小姐姐们都是因为我的小姐姐们都在看电视剧了,4.0,2020/11/16,0,0
498,一时兴起，因为青岛水族馆免费预约参观，带着娃和父母一起去的，全程几个馆都逛的很开心，孩子不大，但是也是充满好奇的各种看，最后美中不足的是最后淡水生物馆出来后天下暴雨，一时间抱着娃不敢走了，等老公来接路上就2个小时，工作人员很好，最后还送了3件一次性雨衣，留着门让躲雨，点赞，鲸鱼馆没去成，下次有机会再去,4.0,2020/9/12,0,1
499,很好，一家人一起出行。,4.0,2021/1/9,0,1
500,不错，就是免费参观的场馆少，看孩子玩玩也够了。,4.0,2021/1/4,0,0
501,超级梦幻，好看,5.0,2021/1/8,1,1
502,水母是馆和海豹馆，不错，就是停车不方便,3.0,2021/1/5,0,1
503,还不错，环境，都挺好小动物也很可爱,3.0,2021/1/4,0,1
504,很好  疫情期间免费  学到知识  孩子喜欢,3.0,2021/1/2,0,1
505,除了人太多，其他都还好，里面也没有特别好玩,3.0,2021/1/3,0,1
506,还不错很满意。。。。这。这。。,3.0,2021/1/8,0,1
507,感谢青岛水族馆的活动，能免费游玩实在太棒了。水族馆里面的整体环境很不错，员工态度也特别好，尤其是水母馆里面特别漂亮，还有海豹馆，里面的海报特别可爱，真的是一次特别棒的游玩体验，下次再去其他场馆玩一下。,5.0,2020/10/18,0,1
508,免门票可以参观其中四个场馆，水母馆，海豹馆，海洋生物馆和淡水生物馆，海底世界需要收费，其中水母馆和海豹馆都是活体动物，两个生物馆都是模型，水母馆里很漂亮，有各式各样的水母，海豹馆里有可爱的海豹，海狮，还有海龟和企鹅，总体来说很不错的地方。,4.0,2020/9/22,0,1
509,"青岛的老水族馆，跟海底世界那个院是分开的，在海底世界正门右手边100米左右的入口，建议提前通过海底世界官微预约，否则现场预约要等五分钟才能入园，建议打车去，门口那条路是禁停路，不好停车.
8月1日开始的免费馆只有水母馆和海豹海狮馆，大约半个小时就玩完了，虽然跟一百多元的海底世界门票看到的景象无法比较，但还是觉得很香.
有海星海螺各种各样的水母，海狮海豹海龟还有一只小企鹅，是夏日乘凉的好地方，建议工作日去哦人少会有好的体验",4.0,2020/8/22,1,1
510,水母比较梦幻，海洋世界的神奇，哈哈哈哈,3.0,2021/1/2,0,1
511,只有靠近海边的位置才会有这么丰富的海洋生物，地方挺大的，现在疫情期间免费，除了海底世界收费，挺好玩的，大饱眼福，玩的很开心，靠近海边，心情都很美好(✪▽✪)值得一去，水母太漂亮了，种类很多，,5.0,2020/9/28,0,1
512,值得一去，推荐,4.0,2021/1/5,0,1
513,海洋的世界，里面水母很美，非常漂亮还有好多好多……,4.0,2020/11/16,0,0
514,水母馆特别好，孩子特别喜欢，挺开眼界的。,4.0,2020/11/23,0,1
515,还不错啊，人好多哈哈,4.0,2021/1/6,0,1
516,"里面味道有点多哈哈哈哈 
都好肥好看",3.0,2021/1/2,0,0
517,现在景区免门票，可以参观水母馆，海豹馆，海洋生物馆和淡水生物馆，前面两个是活体动物比较有意思，有各式各样的水母，还有可爱的海豹，大海龟和企鹅也很有趣，而后面两个场馆都是模型和讲解以增长知识为主，总体来说还是不错。,4.0,2020/9/22,0,1
518,免费观看真的太棒了，水母馆真的惊艳到我们了，国庆期间人还是比较多的，要先计划好。首先去水母馆，参观完后一出门就有提示让你去参观海豹馆，之后出门上楼梯，去马路对面参观淡水生物馆。那里的鱼真的多种多样。总之这是一次不错的体验,5.0,2020/10/4,0,1
519,还是很满意的,4.0,2021/1/7,0,1
520,水母很漂亮，涨知识了，还有海龟呢，跟海豹馆一起的，别忘记去海豹馆,4.0,2020/12/28,0,1
521,第一次去青岛，首选了第一个参观的地方“海底世界”，刚进入的时候觉得没有什么奇特的，但是越往里深入，就会看到那种平时没有见到的生物，真的是太多了，也拍了好多照片，感觉到这次去青岛也是没有白去的，看到了自己想看的，玩到了自己想玩得了,4.0,2020/10/20,0,1
522,好漂亮的鱼,4.0,2021/1/5,0,1
523,真心推荐给大家，太好玩了,5.0,2021/1/4,0,0
524,有两个免费的馆，水母馆超级喜欢，其中还去了超长的海底走廊，还有鲨鱼等各种大型鱼类，印象最深的是走到快要结束的时候那个鲤鱼，用奶瓶喂她，吸的声音超级大，20一壶，玩的不亦乐乎。大家去的时候一定带好水，逛的时间一长容易渴,3.0,2020/10/4,0,1
525,内部光线太暗，对各种展示的海洋生物无详细介绍说明，无解说引导咨询人员，去过一次不想去第二次。海底世界能挣到钱，应该把水族馆整修的更好一些，吸引到更多的旅游者，也为海底世界打好广告，增加客源，形成良性循环。,2.0,2020/10/11,0,1
526,非常适合带孩子去玩，尤其是水母宫，各种各样大大小小的水母，颜色各不相同的鱼类，蜥蜴类，海狮海豹，孩子太喜欢了！玩的乐不思蜀，最主要的是免费，免费，免费，重要的事情说三遍，一直到2020年12月31日，但是最好提前预约，下次有机会还会带孩子来玩，太棒了👏🌟,5.0,2020/9/13,0,1
527,地方很好找，第一次带孩子来玩，感觉还行吧，毕竟动物还是挺多的,3.0,2020/12/24,0,1
528,"【环境】一个风景如画的好地方，海水浴场，
【交通】交通非常的便利，有好多路车都通过哪里，下次一定还会去
【项目】有好多的海底动物场馆，海豹馆，水母馆，淡水鱼馆，还有海底大型鲸鱼类的标本，真的好惊奇
【餐饮】饮食也很丰富，各种各样的美食，让很多游客做下来品尝",5.0,2020/10/2,0,1
529,不是周末去就是人少，不用挤来挤去的…每个展厅都可以看的仔细😊,5.0,2020/10/26,0,1
530,毕竟不花钱，还是很值得的！！！推荐！,5.0,2020/11/12,0,1
531,刚到青岛第一个去的地方，交通挺方便的，下了地铁走不久就到了，就是去的时候可能是因为周末，人很多。总体来说推荐刚到青岛第一个去的地方，交通挺方便的，下了地铁走不久就到了，就是去的时候可能是因为周末，人很多。总体来说推荐刚到青岛第一个去的地方，交通挺方便的，下了地铁走不久就到了，就是去的时候可能是因为周末，人很多。总体来说推荐,4.0,2020/10/25,0,1
532,非常好！可惜空间不够，展品少了一些！,4.0,2020/12/30,0,1
533,孩子很喜欢，有时间还会去，科普知识很好,3.0,2020/12/28,0,1
534,青岛水族馆是国内第一家水族馆，水平真是国内最好的，动物很可爱，水母特别美，就是海豹海狮的水池非常小活动不开非常可怜，感觉非常残忍，不应该这样，经历疫情的国人应该非常清楚被关起来有多难受，呼吁提高动物福利提供更多活动空间,5.0,2020/10/25,0,1
535,里面的水母种类挺多的 就是太小了点,3.0,2020/12/31,0,1
536,挺好的，拍照挺出片的，可以带小朋友去看,3.0,2020/12/29,0,0
537,这次水族馆之行让我更加怀疑之前在杭州的海底世界是被坑的，杭州的海底世界又小又贵，和一个青岛水族馆差不多大。这个水族馆里有水母和海龟，海豹，还有一只落单的企鹅🐧，馆内开设了空调，对于大夏天走了一路的我来说，再舒服不过，唯一不足的是出馆后我没看到出口的标志在哪儿，在里面溜达了半天。不过免费的门票看到这些已经很值了，推荐去玩，记得先预约，带好口罩和水。,4.0,2020/8/24,0,1
538,不错，不错，真的很不错，good,3.0,2021/1/1,0,1
539,还不错就是有点小，和同学一起去的可以去看看，,4.0,2020/11/3,0,1
540,没限流人太多，水母宫不错，海豹馆一般,3.0,2020/12/28,0,1
541,位置就在海边沿岸，挨着海底世界和鲁迅公园，青岛沿岸的，绿化风景都很好，像度假村一样，而且很有南方的感觉，很湿润，沿着这条路一直走，风景都很好，还有一些小洋房，水族馆里面很多水母，很漂亮，还有两只大海龟感觉很柔软的样子，就是有点小，很快就逛完了,4.0,2020/10/1,0,1
542,海豹馆的青岛大哥主动帮助不方便的老人拿轮椅，还送到马路上！您是青岛最帅的人👍👍👍👍一个城市的温暖就在这些小细节上，真正的好客山东🤗🤗,4.0,2020/10/20,0,1
543,还不错，比较自由,4.0,2020/12/12,0,1
544,很不错，在网上看到的。正好周末有时间就去了。在微信上免费预约就可以了,3.0,2020/11/15,0,0
545,来青岛的小伙伴们快快来吧，2020年底前水族馆还可以免费哟！,5.0,2020/10/20,0,1
546,里面有很多种类的水母，其他的物种就比较少了,3.0,2020/12/28,0,1
547,涨姿势  重点是免费,5.0,2020/11/6,0,1
548,很喜欢这个地方,4.0,2021/1/2,0,1
549,美美滴,5.0,2020/11/22,0,1
550,干净，漂亮，还会来的！,4.0,2021/1/1,0,1
551,第二次去看了，还是感觉挺不错。,4.0,2020/12/29,0,1
552,很习惯，国庆期间都是免费的，很好的一次体验,5.0,2020/12/26,0,1
553,物有所值,4.0,2021/1/2,0,0
554,还行，没啥亮点墨墨得得得得得得的,3.0,2020/12/28,0,1
555,一般吧，没啥看的，挺少的，环境也一般,2.0,2020/12/29,0,0
556,"免费开放啦！趁着天好去约会！💕挺值得去看的，水母馆里种类很多，旁边有介绍，有两个大窗口，拍照也很好看(穿白色衣服很文艺很上镜🉑)。海豹馆超可爱，超级肥美😋，海狮一般，里面腥味重，工作日去也很多，可能是旅游旺季的原因。
马路对面还有一个淡水博物馆，就是一些小鱼、蜥蜴🦎、扬子鳄等，时间紧可跳过，前两个场馆更好玩！",5.0,2020/8/21,0,1
557,周末带孩子去的水族馆，刚好有免费体验活动，先去了水母宫，各个品种的水母一应俱全，这里也是孩子最喜欢的，大大小小的水母，飘飘悠悠的浮动着，配上各色的灯光，很漂亮。其他馆感觉一般吧，就是人比较多，总体还是不错的😊,4.0,2020/9/28,0,1
558,青岛水族馆是今年十二个免费景区之一，从小鱼山下山没多远就能到园区，海底世界，水母馆，海豹馆是免费的，提前预约就可以了。海豹活泼可爱，水母品种很多，还有成长的科普知识，真是大开眼界。因前几天刚去了青岛极地海底世界就没买海底隧道门票，130一人还是很推荐大家去看一看的，性价比高,5.0,2020/9/24,0,1
559,带孩子看看挺好，。。。。。。。,4.0,2020/12/31,0,1
560,这次去真的好看到了很多好看的东西，强烈推荐大家来看,5.0,2020/12/7,0,1
561,很好，我很喜欢，就是不到一个小时就参观完了，看的利利索索的,3.0,2020/10/21,0,1
562,"抖音来的，听说免费开放来逛逛。和姐姐一起来的，在青岛海底世界公众号上预约的，因为是下午两三点去的，人挺多的，验票排了好长的队，然后也比较慢。
进去首先是水母馆，水母馆里都是些水母，拍出来的效果没有抖音里那么好，环境也比较暗，馆里都是些孩子们大喊大叫，就挺头疼的。
除了水母馆往下走就是海豹馆，海豹海狮挺多的，里面还有一只小企鹅，孤零零的，小小的。还有乌龟，再就没啥了。个人感觉海豹馆比水母馆好玩多了。",4.0,2020/8/24,0,1
563,挺好的。。。。值得推荐。。。。,3.0,2020/12/31,0,1
564,真心一般 没啥意思 可去可不去( •̅_•̅ )就这样吧,2.0,2020/12/26,0,1
565,"【环境】
【交通】
【项目】
【餐饮】
【项目】
【交通】
【交通】",3.0,2020/12/27,0,1
566,很普通的生物。被水族馆打上各种灯光以后，给你的感觉就是特别漂亮,5.0,2020/10/12,0,1
567,好看,5.0,2020/12/27,0,1
568,跟火车站似的 人太多 多到抬脚就不能放下 周末去的 没有人流限制 去了就后悔吧 孩子一直哭 快缺氧了,1.0,2020/12/13,0,1
569,免费的就那么几个平时十块钱门票的景点，其他的还正常收费，不过带孩子拓展一下视野也是不错的地方,3.0,2020/12/11,0,1
570,很好啊，,5.0,2020/12/31,0,1
571,挺好看的，十分钟结束。,4.0,2020/11/30,0,1
572,凑合吧，没什么亮点。。。。。。。。。,2.0,2020/12/30,0,1
573,好看水母馆！拍照氛围真的绝了！然后淡水馆好像是有锦鲤！！！,4.0,2020/12/23,0,1
574,不错不错不错，就是人太多了！下次找个工作日去！,3.0,2020/12/23,0,1
575,很好，很不错,5.0,2020/12/26,0,1
576,大自然和海洋生物的结合，生机勃勃，来青岛一定要来，真的太梦幻了，尤其是水母，各种各样，带孩子来认识海洋生物也是不错的。我好喜欢海豹，会和人互动，超级可爱，还有小企鹅，乖乖的站着，也超级喜欢呢，快来吧宝贝们～,4.0,2020/10/7,0,1
577,还不错，就是展馆挺少的。如果展馆多一些就好了,3.0,2020/12/23,0,1
578,很快就逛完了，很多水母。,4.0,2020/12/7,0,1
579,东西还可以，毕竟是免费的，就是很多需要现交钱。,3.0,2020/12/23,0,1
580,"你想孩子有全年的鞋子免费穿吗？
你想让孩子有展示自己的舞台吗？
你想让孩子更加阳光自信吗？
ABCKiDS给你这样的平台机会[拳头][拳头]
快快给孩子报名吧你想孩子有全年的鞋子免费穿吗？
你想让孩子有展示自己的舞台吗？
你想让孩子更加阳光自信吗？
ABCKiDS给你这样的平台机会[拳头][拳头]
快快给孩子报名吧",5.0,2020/9/23,0,1
581,还是很漂亮的，隔离了青岛的热浪，更推荐去青岛另一个海洋馆。,4.0,2020/12/19,0,1
582,免费就可以去参观，位置也很好找，坐地铁很快就到了，不过要走一段路，就是大中午太阳听晒的，里面很多不同种类的水母，还有饲养员在喂海豹，体型都很大，人也挺多了，不过还好，可以看到，，，希望多做一些这样的活动，吸引跟多的人,4.0,2020/9/22,0,1
583,还不错，挺好的，推荐你们去吧把红我是,3.0,2020/12/25,0,1
584,大家快来看看吧，真的好漂亮哦！,5.0,2020/10/31,0,1
585,有时间可以来转转，还不错,5.0,2020/11/7,0,1
586,挺有意思的，毕竟不花钱哈哈哈哈,5.0,2020/12/28,0,1
587,真的没想到那么大   因为是学生票  觉得真的太划算了  美中不足就是刚好赶到水族馆修建  好多东西没有看到     不过认识了好多奇奇怪怪的生物哈哈哈    当时还以为就一个馆  还有点失望  结果有三四个呢  转到疲惫  对标本没有太大兴趣  生物还挺好  适合亲子去,5.0,2020/9/15,0,1
588,好多年没有去水族馆了，趁着优惠活动带着家人一起找回忆，现在设施比以前先进多了，而且可以参观好几个场馆，学习海洋知识的好地方！建议馆内增加些互动活动，还有加上些动画或者三维视频类型的介绍功能，这样的话就更加高大上了！,5.0,2020/9/20,0,1
589,太可爱了海豹,5.0,2020/12/10,0,1
590,有时间可以带着孩子去的，很好的,5.0,2020/12/25,0,1
591,非常棒！爱了！还回来！非常满意！,5.0,2020/12/27,0,1
592,原来水族馆里面都是水母很漂亮😊孩子们玩的很开心，交通也很方便！里面有各种各样的水母，孩子们增长了见识！很不错！关键是免费的，还可以游海豹馆，两个馆在一起！里面也很美。海豹好多，还有海龟，海狮，企鹅！真好玩！,5.0,2020/10/6,0,1
593,太棒啦！学到了不少知识，通过这次观赏认识了很多的新东西。,4.0,2020/11/20,0,1
594,提前从网上预约好了，去了给工作人员看一下就可以进场，非常方便快捷，免费的哦，带走儿子参加研学活动，非常开心，参观了好几个馆，学到了好多知识，老师的讲解非常精彩，不光孩子喜欢听，大人也听的津津有味，最喜欢的水母宫。,5.0,2020/9/29,0,1
595,免费带着对象一起去看，感觉很不错,5.0,2020/12/23,0,1
596,免费的还可以，花钱买票的时候不值得去，真的,3.0,2020/12/23,0,1
597,nice,5.0,2020/12/27,0,0
598,很好，看到了前所未有的景观,5.0,2020/12/24,0,1
599,很漂亮的水母，各种各样的。很美，来到这里，烦恼都没有了。有时候很羡慕水母，可以自由自在地在水中遨游。生命真的很神奇，一个小小的水母从获得生命到长大，也是一个艰辛的过程，世间万物每一个生命无不是独一无二的。,5.0,2020/9/22,0,1
600,"溜小朋友去。
水族馆最近免费开放啦，遛小朋友的好去处。
前段时间去人超级多的，今天再去没那么多人了，你们都去玩过了吗？
貌似这是一对海狮，恩爱这个秀。这个年头，单身狗去个水族馆心理也会受重创吧……
没看到北极熊，企鹅懵懵的不爱活动",5.0,2020/9/8,0,1
601,还不错，水族馆里精彩无比，孩子们比较喜欢😍！,3.0,2020/10/26,0,1
602,真的不错，免费的场馆有：水母馆，海豹馆，海洋生物馆和鲸鱼馆，带着孩子去的，孩子很喜欢，让孩子多多接触一下平时见不到的海洋生物，非常不错，活动时间好像是8.8号开始的，我们上周去只去了水母馆，这周又去的，四个馆全看完了，免费活动截止到12.31号，等有机会再领着孩子去,5.0,2020/9/6,0,1
603,还是很不错滴,5.0,2020/11/4,0,1
604,最主要是免费参观，开心,4.0,2020/12/25,0,1
605,刚好最近青岛促进旅游发展，好多景点都免费啦，今天天气超级好，海特别蓝，鲁迅公园走一走，水族馆转一转，心情超级好呢，水母，海豹海狮，说到海狮，刚好看到海狮在打哈欠，我就贴着玻璃看，结果海狮吓唬我，突然向我张大嘴 ，真是调皮。,4.0,2020/9/28,0,1
606,挺好的，孩子喜欢，值得信赖的卖家！推荐大家购买,3.0,2020/12/21,0,1
607,非常好，没有白来，还偶遇海豹拆家,5.0,2020/10/14,0,1
608,带着孩子去的很好,5.0,2020/12/24,0,1
609,很一般，就是随便转转，展品质量很low,3.0,2020/12/22,0,1
610,孩子很喜欢,4.0,2020/12/25,0,1
611,总体还可以的，适合拍照打卡,5.0,2020/12/20,0,1
612,海豹馆和水母宫里面都是活的动物，孩子很喜欢，海洋生物馆和鲸馆都是些标本，孩子不是很有兴趣，总体来说还是很满意的。现在免费，每天人很多，由于限量，需要提前预约哦。,4.0,2020/10/4,0,1
613,能去的地方是只有鲸鱼雕塑的鲸馆和水母馆还有海豹馆，海底世界是进不去的，要另外花130买门票才可以的，然后不建议在他家的停车场停车，上午停的，下午出来的时候收费64，不知道一小时是多少钱，，，，，，，，,3.0,2020/10/5,0,1
614,可玩性很高，里面都是海洋里面有名的物种 尤其是水母特别漂亮。,5.0,2020/12/14,0,1
615,趁着疫情期间，水族馆是免费的，就去了这个地方，也挺好预约的，漂亮的水母宫，里面有多种多样的水母，真可谓是精彩绝伦，有的小水母可可爱爱，看的让人直呼她可可爱爱。有的水母，令人觉得十分惊艳。恋恋不舍的。可爱的小海豹，十分喜人，还有个倒立般靠在墙上打盹，特别讨人喜爱。真是让人流连忘返。,5.0,2020/8/23,0,1
616,项目少、景点少、品种少，一个小时不到就逛完了,2.0,2020/12/13,0,1
617,还行，挺不错的,4.0,2020/12/21,0,1
618,要花钱才能进去，前面几个是水母宫，中间一些是海狮，海豹，海龟，然后就是标本馆，最后一关要还要收200块钱，有海底隧道和鲨鱼，如果你不花钱，就要你滚,5.0,2020/11/26,0,0
619,还行吧，数十年一直都是这样子没什么变化，带着孩子去的,2.0,2020/12/12,0,1
620,很好，玩的很开心，有各种鱼类，下次再去,4.0,2020/12/19,0,1
621,不怎么样一般一般不怎么样一般一般,1.0,2020/12/20,0,1
622,作为青岛土著，若干年没有进去看看了，免费逛了水母馆和海豹馆，人不多，慢慢走，细细看，好地方。,4.0,2020/11/7,0,1
623,没去过水族馆的朋友，一定要去！一定要去！一定要去！我很喜欢，奇妙的海洋生物，爱了❤️,5.0,2020/12/14,0,1
624,免费，不许门票，场景有点少其他还好,3.0,2020/12/18,0,1
625,不花钱还是很好的，水母馆和海豹馆不错，适合带孩子来，适合孩子上生物课。,5.0,2020/10/5,0,1
626,水母真的好美呀，推荐去~,5.0,2020/11/19,0,1
627,带着两个孩子去的，玩的很开心！,3.0,2020/12/19,0,1
628,不错 很好,4.0,2020/12/21,1,1
629,去看看   去玩玩  挺好的  心情不错呦,5.0,2020/12/19,0,1
630,水母太漂亮了,4.0,2020/11/11,0,1
631,这个门票很值得去 人也挺多的 虽然 馆小了点 但是值得一看 妈妈一直没去过，带妈妈去了 妈妈很开心哦 以后要经常带妈妈出去玩 已经推荐给朋友了 朋友也蛮喜欢的 适合跟家人小聚一下 很不错的体验 以后会去看一下别的馆 棒棒哒哒哒,5.0,2020/10/3,0,1
632,溜娃好去处，水母，海豹孩子都很喜欢！逛完沿着海边溜溜，开心的一天！,5.0,2020/11/11,0,1
633,去的时候是免费的，非常好，感谢政府,5.0,2020/12/16,0,1
634,孩子激动的不行，梦幻水母，大海龟，海豹，每一样都是新奇！,5.0,2020/12/10,0,1
635,里面有环境超级棒，很梦幻，特别适合带小孩子去看看，还能学知识,5.0,2020/12/11,0,0
636,周末和朋友出去玩，正好看到水母馆，现在限时免费，里面简直是出片圣地，虽然灯光比较暗，但是还是怎么拍怎么好看，太爱了。在鲁迅公园海底世界的地方。。。人还不是不少的，建议周末去的时候可以稍微晚点去，好像是五点就禁止进入了。,5.0,2020/9/25,0,1
637,环境很好，去的人也很多，饭点记得提前取号排队，服务员小姐姐态度很好，在旁边帮着烤肉，我们展开了吃吃吃模式，哈哈哈哈，真爽，甜品免费，可以随便吃，松松软软的也不错，还有红糖冰粉和布丁，棒棒哒，推荐去试一下,5.0,2020/9/21,0,1
638,这个是真好，真心好,5.0,2020/12/20,0,1
639,特别喜欢特别满意特别好看，特别满意特别喜欢。,5.0,2020/12/18,0,1
640,体验一般，种类少，人多热闹热闹,2.0,2020/11/29,0,1
641,你所见即是我，好与坏我都不反驳,3.0,2020/12/17,0,1
642,带宝宝去看的鱼，宝宝很喜欢，各种鱼看起来很养眼，赞，还会再来,5.0,2020/12/12,0,0
643,很好玩，有各种水母，有各种海豹，还有企鹅，挺好玩的！,5.0,2020/12/15,1,1
644,见到了真的海洋生物,5.0,2020/11/10,0,1
645,我家孩子就是喜欢去，每个礼拜都要去一次，喜欢看大海龟和水母,5.0,2020/12/10,0,1
646,免费就是好！免费就是好！再来一波免费！,3.0,2020/12/18,0,1
647,喜欢哦,4.0,2020/12/20,0,1
648,免费去看的，虽然就能看水母馆和海狮馆，但还是很不错的,5.0,2020/12/13,0,1
649,emmmmn，免费的门票，只能看标本那几个馆。,3.0,2020/10/25,0,1
650,"【环境】现在青岛的景点不是周末人都非常少，可以好好的参观喜欢的小海洋生物。
【项目】各种各样的水母好看，弄的人眼花缭乱的。还有可爱的海豹海狮，非常会卖萌，会耍娇。
还有几只大海龟，真的非常的大，憨憨的，不知道几百年了",5.0,2020/9/21,0,1
651,可以稍微了解一下水族知识,4.0,2020/12/15,0,1
652,同学们好,5.0,2020/12/18,0,1
653,挺好的，夏天去的时候，不要门票，就是人很多！,3.0,2020/12/12,0,1
654,"【环境】挺好，
【交通】方便
【项目】众多",3.0,2020/12/14,0,1
655,我带孩子三四点去的，也许去的早了点，里面和水都好冷好凉，把孩子冻不行，孩子第二天就感冒了，等我们走的时候水的温度也升了，哎，以后看来还不能去太早,2.0,2020/11/20,0,0
656,很新奇的一次体验，特别是各种水母，真的是让人大开眼界,5.0,2020/12/9,0,1
657,广而告之，景区免费，实则主要点不免，跳坑J。,2.0,2020/12/12,0,1
658,总体感觉还不错，建议家里有小孩子的，带孩子去玩,3.0,2020/12/9,0,1
659,挺好的，就是里面水里生物太少了，估计淡季有关系,3.0,2020/12/10,0,1
660,小时候就有的水族馆，建筑非常代表性。现在到2020年底，水族馆的部分免费对外开放。水母宫超级漂亮，各种漂亮的水母加上灯光的映衬，爱了爱了。,4.0,2020/11/21,0,1
661,水母种类很多很丰富很好看，企鹅就一只太可怜了，海豹有个特别可爱一直在玻璃上和小朋友互动。出来步行几分钟就能到海水浴场，反方向还有一个公园可以散步，适合顺路来看一看。碰到优惠季是免费参观还好，如果是平时花这么高的门票来的话个人认为不是特别划算。,4.0,2020/9/10,0,1
662,水母那尽情舒展、自由自在、￼￼美轮美奂的表演，太神奇了。￼,5.0,2020/11/23,0,1
663,挺好的，带朋友来玩的，朋友第一次来青岛，很开心,5.0,2020/12/10,0,1
664,水族馆现在免门票，包含四个馆，水母宫：不同水母在彩色灯光下翩翩起舞，海豹海狮在水里畅游，还有龟仙人的大海龟简直就是原版出镜，淡水博物馆也是各种鱼类水族，还有一个馆没有去就被美好的夕阳所打动，做礁石看日落浪漫耳温情～,5.0,2020/9/15,1,0
665,青岛政府免费推出的惠民景点，很棒。值得带小孩去见识。去的时候是暑假，游客挺多的，门口疏导方面要加强，大批付费和免费的游客挤在小门口，现在没有工作人员没引导如何扫描二维码，付费的入口也是从同一小门进入，所以场面比较混乱。,4.0,2020/9/11,0,1
666,上面水母馆游览完左转还有海豹馆哦，能看出来很旧了，但是这也说明了我们的水族馆历史悠久，水母恨梦幻，海豹胖fufu打特别可爱，还有超级大的海龟，想想这些动物也很可怜，背井离乡，住在水箱里，每天都有无数小孩尖叫疯跑，吵死，家长们毫不留情把我们挤开，给他们的小孩拍照,5.0,2020/8/30,0,1
667,免费票，还是值得进去逛一逛，就是不过瘾，嘿嘿,3.0,2020/12/13,0,1
668,喜欢海洋馆,5.0,2020/10/19,0,1
669,水族馆带小孩玩很有意思的，正赶上免票活动，水母分类繁多，因为在玻璃水箱里面，拍照反光，也怕闪光灯惊动了这些可爱的小动物，所以拍照不多，反正拍照也没实际观看好看。出来以后，顺海边看看，凉风习习，景观优美，最好是坐车过去，又轻松，也蛮方便,4.0,2020/9/12,0,1
670,免费的呀，来了这里才感觉到没有白来青岛！,5.0,2020/10/8,0,1
671,我还好，不错不错，里面挺好的下次还要长还要来。,4.0,2020/11/24,1,1
672,喜欢水母馆嘻嘻还有海豹馆吧，两个挨着～这里会有小动物 ！本来打算去极地海洋世界的，出租车叔叔说都是小孩子去你们干嘛去哈哈哈，后来在抖音看见这个还是免费的就在微信公众号预约啦，还是很美的～中间的特别推荐打卡拍照噢！,4.0,2020/9/17,0,0
673,门票价格宣传与实际不符，有欺诈嫌疑。,1.0,2020/12/11,0,1
674,能看到很多海底动物！但是没有鲸鱼馆！遗憾！,4.0,2020/12/10,0,1
675,美团很方便，水族馆包括好几个馆，水母馆，海豹馆，鲸馆，淡水生物，还是值得一看，给孩子大人科普科普,3.0,2020/10/3,0,1
676,免费的玩儿起来才叫香啊😄😄😄,5.0,2020/12/12,0,0
677,【项目】不是很多，很快就看完了，跟海底世界一块但是属于单独模块,2.0,2020/10/28,0,1
678,今天去的，今天下午四点之前都可以预约，预约之后，等五分钟就可以进入里面嗯，验票的时候直接给他扫二维码就可以嗯，整体体验非常好，那个水母馆非常漂亮嗯，还有那个海豹海狮馆也非常好看，试管里面还能看到一只企鹅，不过老师在那儿躺着,4.0,2020/9/5,0,1
679,赶上免费参观，那就只能说好好好了😂,4.0,2020/10/8,0,1
680,还不错，孩子挺喜欢看的，游人很多,3.0,2020/12/11,0,1
681,小时候每次路过都很想来，门票太贵。现在感觉过时了，号称亚洲最早的，应该免费开放，内陆一些地方的海洋世界海洋馆也不差了，全新的,3.0,2020/11/13,0,0
682,"【环境】环境不错非常好，青岛12个景点免费游，这个景点真心不错推荐
【交通】我是做223路去的，下车右转过一个人行横道就到了，真不错
【项目】我去走了4个馆，涨了很多知识，丰富了自己的阅历！
（一定要提前预约）我是刚到场预约的需要等待5分钟然后票才会生效！
总体来说：值得游玩！值得推荐！带小孩游玩更好！",5.0,2020/8/14,0,0
683,"听说最近好多景点免费开放啦。崂山每天人满为患。太热了。谁要去爬山。
鲁迅公园离得还是比较近的，那就水族馆半日游吧。
临时预约的。很顺利。到了直接验券就行。
各种得水母真的很漂亮，十分建议带小孩子来玩一下。人有点多哦",5.0,2020/8/20,0,1
684,"见到了很多种水母，真的很好看，也算是大饱眼福了。平常对这些水母也就是在电视上看看，真正看到了，美到移不开眼睛。这个地方虽然不大，但水母应该有三四十种吧，没数，就感觉很多很多
【环境】很干净啊，挺值得去看的",4.0,2020/9/27,0,1
685,还可以吧，提前联系售票的人员，他不一定在哪里你需要去找他，外地人找他路不熟可需要点时间,3.0,2020/11/28,0,1
686,因为疫情原因，人少，感觉有些萧条,3.0,2020/12/7,0,1
687,非常棒，超级推荐。,5.0,2020/12/14,0,1
688,太小了 转一圈五分钟 免费还可以 太小了,3.0,2020/12/9,0,1
689,还可以，一般般还可以。都行。一般,3.0,2020/12/11,0,0
690,"太好看了，太美了，建议大家去看看
从大泰安专门去青岛看的",5.0,2020/10/9,0,1
691,预约带着孩子去看的水族馆，8月1日到12月底免费，学习一些海洋知识真不错,5.0,2020/12/2,0,1
692,挺不错的  路过 免费去过好几次了  孩子爱去,4.0,2020/12/8,0,1
693,非常棒，祝你们平安,5.0,2020/10/15,1,1
694,一切都那么美好,5.0,2020/10/26,0,1
695,水母真的很漂亮！,5.0,2020/10/7,0,1
696,真的很不错！青岛的坐标！景点，来青岛必来海昌极地海洋世界！哈！孩子们玩得很高兴！哈哈哈哈哈哈希望下次活动多多，支持卖家！哈哈哈哈哈，一天的时间没有逛完，去之前一定做好功率！,5.0,2020/9/28,0,1
697,非常不错，玩得很开心，强烈推荐,5.0,2020/12/8,0,1
698,有的工作人员特别热情，有的爱答不理 问路也不好好解答,5.0,2020/12/6,0,1
699,每次小朋友都要玩很久，超级喜欢哦！,5.0,2020/12/10,0,1
700,海豹馆和水母馆还是挺推荐带着孩子去的，活的东西还是比标本让低龄的娃娃们感兴趣，标本馆让高龄的孩子们长知识不少！,3.0,2020/10/2,0,1
701,免费去的，好看，很震撼,5.0,2020/12/11,0,1
702,疫情期间免费太棒啦,5.0,2020/12/7,0,1
703,不错，很满意,4.0,2020/12/11,0,1
704,趁着这次免门票进去参观了，感觉还不错，水母宫里的可爱小水母很吸引人，再就是憨憨的海狮，其他的话没有什么特别有趣的，但是标本馆感觉也还不错，各种各样的海洋生物，鲸馆有点儿无趣，不过总体还好。我有注意到景点的指示牌上的指示标语，韩语翻译的很是神奇，但是其实是可以避免的，比如说出口，有的地方翻译的就是对的，有的地方翻译的就不对，这种很明显是可以避免的。,4.0,2020/8/8,0,3
705,"好久没来了，重新装修了，海豹馆的效果真不错。以前只能远看海豹，现在可以从各个角度看。尤其是看到海豹懒洋洋的从头顶飘过，感觉好滑稽的样子。
只是企鹅只看到一只，其他的哪去了？不过企鹅确实适合待在冰天雪地里，不适合在场馆里。",4.0,2020/9/20,0,0
706,主要是带孩子去看看，不得不说青岛真是个好地方，来这的人太多了，里面观赏的海洋生物都不错，馆内通风不太好，空气流动差，每天限制客流量应该会好些,3.0,2020/11/8,0,1
707,更漂亮的水母啊，很好奇水母需要多久能长大，感觉是要很长时间的，目前青岛水族馆是免费的，目前青岛水族馆是免费的，目前青岛水族馆是免费的，重要的事情说三遍，去青岛玩，推荐大家去，旁边海岸风景也不错，还可以在旁边海水浴场玩疯玩,5.0,2020/9/22,0,1
708,青岛水族馆，留下童年美好记忆的地方，上个月过去的，关注微信公众号之后，可以领取免费的门票，相当亲民的好政策。水族馆现在已经变成了水母馆，里面有何种水母的展览，然后就是海豹馆，里面有憨态可掬的大海豹，看上去相当可爱。还有海产博物馆，淡水馆，都是记忆中的样子，相当不错的一次完美体验。,5.0,2020/10/13,0,1
709,"【环境】优美
【交通】便利
【项目】丰富
【餐饮】美味",4.0,2020/12/5,0,1
710,馆内项目很少，还是得去海底世界玩,2.0,2020/12/6,0,1
711,"下半年很多地方景区都面向游客免费开放啦，直接从VX公众号预约时间就可，工作人员会让你直接机器扫码
🚧有从对面过来的，注意别想着走到水族馆正对面过马路，有栏杆，我们就是又倒回来从海底世界那过了马路又走过去的，哭泣😭😭😭
💙室内很凉快，场馆不大
💙水母特别多，都有贴介绍，还有大乌龟
💙海豹也是包括的，在另外一个馆，出来就可以看到，别忘了哦
💙最爱的就是企鹅了，只有一只，但是好可爱，它一直背对着我们，好喜欢它扭屁股咯咯咯",4.0,2020/8/23,0,1
712,工作日期间预约去的，人不是太多，挺不错的，值得看看,5.0,2020/10/25,0,1
713,5个免费馆，马路对面还有一个别忘了,5.0,2020/12/6,0,1
714,"【环境】很优美，海边沙滩上玩了玩。
【交通】很便利，可以坐地铁3号线过来。
海豹很可爱，标本品种很多，增长见识了！
现在青岛免费开放水族馆，惠民政策很好，来参观的游客很多，大家主动排队验码，井然有序，卫生很干净！",5.0,2020/9/5,0,1
715,陪孩子玩挺好的,4.0,2020/12/8,0,1
716,免费开放的时候去的 超级好,4.0,2020/10/30,0,1
717,青岛水族馆现在参观免费，可以提前预约，现场工作日人不多的话可以现场预约～水族馆动物不多，有很多漂亮的水母，海豹超级可爱的，鲁迅公园下车就到了，顺便还能在海边溜达,4.0,2020/9/14,0,1
718,天呐，如果没去，我都不知道水母可以美成那个样子，超级感叹大自然的神奇。沿路的海景也很漂亮，一定要去啊，要去,5.0,2020/9/27,0,1
719,挺好的，看看还不错。,4.0,2020/12/9,0,1
720,挺好滴，疫情期间人也不少，给中国点赞,5.0,2020/12/3,0,2
721,这么多年第一次进，据说亚洲最早，但现在跟不上时代了，很多内陆城市都有了崭新的海洋世界海洋馆，剩下的只是情怀吧,4.0,2020/11/13,0,0
722,推荐大家有空去玩一下！吧！现在这个时间段是免费的 在门口预约一下就可以进去了  旁边也有鲁迅公园和第一海水浴场等等 沿线景点很多 很好逛 和朋友一起去的 逛了水母和海豹馆 人也不是很多 两个馆都是小小的 但是里面很好看(○｀ε´○)哇 ( ´͈ ⌵ `͈ )σண♡﻿,5.0,2020/8/29,0,1
723,只能看水母馆，海底世界要另外买票,1.0,2020/12/2,0,1
724,挺好的，免费,5.0,2020/12/7,0,1
725,水母真的好美呜呜呜,5.0,2020/10/11,0,1
726,趁着免费多来逛几次，水族馆包括水母宫，海报馆，海洋生物馆以及马路对面的淡水生物馆，一定不要错过淡水生物馆，里面有很多活的生物，有水懒，有鳄鱼，有巨骨舌鱼，还有鲸鱼管就是鲸鱼的标本，一定要带着小朋友来看看,5.0,2020/8/28,0,1
727,非常适合休假的时候带孩子去玩,4.0,2020/12/6,0,1
728,我和同学去的，还不错。而且我们去的时候还是免费的。,3.0,2020/12/4,0,1
729,"好看
现在免费 快去 拍照也非常出片 小动物都特别可爱",5.0,2020/10/2,0,1
730,冲着水母馆去的，好看好看嘻嘻,5.0,2020/12/5,0,0
731,挺不错的，孩子很喜欢，我也觉得不错,4.0,2020/12/5,0,1
732,还不错，海豹很萌，就是旺季人有点拥挤，,3.0,2020/12/2,0,1
733,免费的挺不错 就是海豹馆动物种类太少了,3.0,2020/12/1,0,1
734,不错哦～大家快去玩儿一玩儿吧 适合带小朋友去 好玩儿又学知识,5.0,2020/10/20,0,1
735,在鲁迅公园内，海边，风景不错。8月至年底海豚馆（有小企鹅）、水母馆（种类丰富，美仑美奂）、鲸馆（鲸馆只有几个模型，没带小孩的话不必进入）等免费扫码预约即入，海底世界门票130元。,5.0,2020/9/12,0,1
736,各种小水母好看又好玩，小朋友们可以近距离了解海洋生物，小水母在水里飘来飘去，配以彩色的灯光美不胜收。漂亮的珊瑚五颜六色。海狮、海豹、绿毛龟，隔着玻璃墙，真想摸一摸这些小可爱，他们俨然一副小演员的姿态，在水中翻飞游动，还站立露头，特别好玩。,5.0,2020/8/23,0,1
737,好江河湖海,4.0,2020/12/5,0,1
738,"开放免费了，有时间就想去看看，【环境】环境非常的好，位置也很好找，在鲁迅公园附近，而且看完水母还可以在附近再看看海，逛逛公园，很不错
【交通】交通也很便利，做公交都是直达的，可以直接搜索过去，而且下边的海狮海豹也都是免费的哦，很喜欢",5.0,2020/9/6,0,1
739,免费不错，值得推荐………………,5.0,2020/12/5,0,1
740,很好玩～强烈推荐,5.0,2020/10/2,0,1
741,"【环境】很好
【交通】很好
【项目】很好
【餐饮】很好
总之就是非常好",5.0,2020/11/28,0,1
742,可可爱爱的水母们～,4.0,2020/10/20,0,1
743,规模整体比极地小一些，但是该有的都有,3.0,2020/10/30,0,1
744,很好很好，强烈推荐,5.0,2020/12/3,0,1
745,好玩，尤其是水母宫，我真的每次来都去一次，好美，还有现在的海豹馆，好可爱呀,5.0,2020/11/22,0,1
746,现在是免费的呦，除了不好停车以外，其他方面都非常好呢,5.0,2020/10/4,0,1
747,"青岛水族馆有许多海洋生物，有很多种类的水母，还有海狮，海豹等，带着家人小孩儿玩的很开心

适合拍照打卡，很有爱的地方~也可以大开眼界，感受海洋的奥秘！

紧紧挨着青岛海底世界，坐车也很方便。出门就是海边和沙滩。🥰🥰",4.0,2020/8/30,0,1
748,青岛必打卡景点，欢迎小伙伴们快快来吧,5.0,2020/10/20,0,1
749,环境好～～地标醒目～～风景如画～～～,4.0,2020/12/1,0,1
750,"孩子应该喜欢😍，我只是看看
但是最后的海底世界需要买门票，有些不好，让儿童，青少年多学习知识的地方，建议都免费开放。
孩子开始特别得意，说海底世界免门票。
后来没有又花了130元买门票进去的，孩子感觉被骗了，感觉不好。",3.0,2020/9/21,0,0
751,挺好的 小孩子非常喜欢 能看到水母就很开心了,3.0,2020/11/29,0,1
752,给儿子买的研学课，是通用的，然后我自己是免费预约的，免费的只能看三个馆，不过之前已经来过两次了😀该看的都看过了,3.0,2020/10/3,0,1
753,免费去的，还是很不错的，还有个企鹅哈哈,5.0,2020/10/7,0,1
754,很满意，值！,5.0,2020/12/3,0,1
755,增长了知识哦，不错的体验！！！,3.0,2020/12/3,0,1
756,带孩子玩很好，最好周一到周五,4.0,2020/11/30,0,1
757,只有两个馆，水母馆和海豹馆，一会就看完了，有点小，但是水母很漂亮，推荐带着孩子去。,5.0,2020/9/18,0,0
758,领孩子去的，真正海底世界长廊是不能进的，需要重新购票,3.0,2020/11/25,0,0
759,水母也太漂亮了吧～适合拍照拍视频，很值得休息日带着家人去那里看一看，了解一下漂漂亮亮的水母，真是太神奇，太美了～周边就是中山公园，八大关景区，逛完水母馆，还可以去旁边的海洋世界去看一看，简直太美好的一天了～,5.0,2020/10/24,0,1
760,去了之后才觉得，世界上最好看的动物，就是水母了。,5.0,2020/10/15,0,1
761,免费的！可以看4个馆！孩子们看了水母和海豹海狮就开心的不得了，又去看鲸鱼标本，真是太棒了！我原来以为孩子们不太会喜欢标本，结果都看的很认真，真是一次不错的学习机会。,4.0,2020/9/20,0,1
762,非常好，参观一下还想再来的感觉，这里是不经意发现的，希望加大宣传,5.0,2020/11/22,0,1
763,水母的种类很多，企鹅的数量少，就看见了一个，还在面壁,3.0,2020/11/22,0,1
764,如果离得近，去玩玩还行，但是孩子去了就要去海底世界。还是一样花钱,5.0,2020/11/23,0,1
765,周一到周五人很少，喜欢,4.0,2020/11/30,0,1
766,超赞，非常美丽。,5.0,2020/10/16,0,1
767,太小，转几分钟就完了。大部分是水母，叫水母馆更准确。,4.0,2020/10/2,0,1
768,嗯 还行叭 水母很漂亮 里面有只可爱的小企鹅 还以为是假的 谁知道是真的 好可爱 呆呆的,3.0,2020/10/4,0,1
769,。kk,4.0,2020/10/6,0,1
770,里面一共两个地方，一个是看海蜇，海龟。一个是看海豹。海蜇种类非常多。海龟相当大。里面很凉快，都有点不想出来了。海豹就很有意思，海狮基本都在睡觉。感觉水族馆种类少了点。企鹅就一只，很寂寞。应该再加一些。,5.0,2020/9/14,0,1
771,水族馆免费，海底世界不免费，很遗憾,3.0,2020/11/29,0,1
772,差差差差人多，就一个景点，差差差，挤死了都，差劲，白去了，操差差差🙄😡👎🏻👎🏻👎🏻,1.0,2020/11/20,0,1
773,免费要啥自行车，去了好几次了，爱了(⑉°з°)-♡,5.0,2020/10/27,0,1
774,非常棒，朋友们玩得很开心,4.0,2020/11/29,0,1
775,挺好的，带着全家一起去的，玩的很开心，尤其是宝宝特别兴奋,5.0,2020/11/22,0,1
776,很漂亮 就是十一期间人太多了。,4.0,2020/11/8,0,1
777,美美美～这次门票免费，网上预约去的，人还是不少的！！！免费的场馆也挺 多！！很好很好👍淡水鱼馆，水母馆，海豹馆，标本馆四个场馆免费。美团上预约门票就可以了！有时间段限制，那条路不好停车，建议还是不要开车过去了！,4.0,2020/9/5,0,1
778,这次是和家人去青岛旅行，经过鲁迅公园时无意看到了水族馆在做免费扫码入园的活动，人蛮多的，大部分是带小孩参观，里面水母种类也不少，也有对水母的简要概述，水母很漂亮(如图所见，原相机拍摄)，就是水母馆比较小，很快就欣赏完了。,4.0,2020/8/23,0,1
779,刚好活动免费参观。很不错，值得带小孩去玩儿,5.0,2020/11/24,0,1
780,太震撼啦，真的。强烈推荐,5.0,2020/11/27,0,1
781,免费的太棒了 都好可爱把 水母很多 超级漂亮的  企鹅就一只有点惨了 本来要去海底世界的 想想可能行程没那么多时间 刚好水族馆有预约免费门票的活动 就预约了水族馆 比我想象中好很多了 太值 下次来青岛可以考虑去海底世界再游玩一下,4.0,2020/10/12,0,1
782,一般吧，多少年以前就是那个样，带孩子看看,3.0,2020/11/26,0,0
783,很喜欢海豹，大眼镜忽闪忽闪的，好像小宝宝一样,5.0,2020/11/24,0,1
784,人挺多的，带孩子去看看玩玩还是可以的,3.0,2020/11/25,0,1
785,挺好玩的，带着孩子1去的，就是停车不方便其他的都不,5.0,2020/11/24,0,1
786,"免门票的
很好",5.0,2020/11/26,0,1
787,和父母一起去看的，还不错就是品种少点。,3.0,2020/11/24,0,1
788,"免费四个馆：水母馆、淡水生物馆、标本馆和海豹馆，还有附带免费参观的馆和展览。
水母馆 里有很多水母，各种各样的很漂亮。
淡水生物馆 没见过世面的我以为就是些淡水鱼而已，其实里面的鱼的种类很多，奇形怪状，还有鳄鱼，娃娃鱼…
标本馆 胆小的我有点害怕标本
海豹馆5点闭馆，所以没看成，有点遗憾，有时间会再次来海豹馆的哈哈",5.0,2020/9/18,0,0
789,免费的来说，还挺不错哈哈哈哈哈哈哈,4.0,2020/11/28,0,1
790,因为免费，人超多！建议丰富动物品种！,3.0,2020/11/24,0,1
791,"有五个馆，一定记住，其实开始两个最有看头吧，其他的差点
一个电子券码，刷好几次，挺好，实惠",4.0,2020/10/28,0,1
792,"【环境】环境优美位于海边的鲁迅公园旁，适合带着小朋友和家人一起参观学习海洋知识。这次是借着免费玩水族馆的活动进来参观的，在“国内第一座专业性水母展馆,中国第一座水族馆”学到了好多海洋知识，沉浸在梦幻的水母宫内收获颇丰！",5.0,2020/8/19,0,1
793,青岛水族馆有蔡元培先生主持修建，历史悠久，是上点儿年纪的人小时候的记忆。水族馆位于鲁迅公园，也是青岛的地标性建筑。本次免费的场馆是水母馆和海豹海狮馆，海底世界部分还是要收费的，免费的两个馆儿也非常好看，值得一去哦。,5.0,2020/8/3,0,2
794,喜欢呀看到的都很漂亮,5.0,2020/11/26,0,0
795,一般般吧都是标本和图画，如果这都要门票，那真是太坑了,2.0,2020/11/20,0,1
796,水族馆还是小时候的样子,5.0,2020/10/7,0,1
797,"【环境】可以
【交通】一般
【项目】可以",3.0,2020/11/25,0,1
798,水母宫强烈推荐大家去，可以和朋友家人一起，我们俩现场预约的，立马就预约上了，不用长时间等待，简直不要太好，水母宫里面有很多种类的水母，不光可以一饱眼福，还可以增长很多新的知识，认识了很多水母，没想到海龟竟然是水母的天敌，哈哈哈哈哈哈,5.0,2020/8/10,0,1
799,非常不错，很喜欢，带着儿子去青岛旅游玩的，免费的！孩子很喜欢，以后还回去，强烈推荐有时间可以过来看看。我们都是这样玩的，每年带孩子去海边住几天！！！！！很好，孩子很喜欢长见识。我们家人一起出去旅游！！！！！！！！就在,5.0,2020/8/19,0,1
800,哈哈 很喜欢跟不错！！推荐推荐！,5.0,2020/11/25,0,1
801,很难想象免费还有这么好的地方,5.0,2020/11/22,0,1
802,水母超可爱 拍照很漂亮 还有海龟等很多东西可以看 很棒,4.0,2020/10/20,0,1
803,非常不错的水族馆 孩子很喜欢 哈哈,5.0,2020/11/22,0,1
804,水母真的超级好看!还有海豚海豹!,5.0,2020/10/2,0,1
805,没花钱的水族馆是真的好呀，水族馆跟海豹馆都是免费的，看完水母出来以后再去海豹馆，不说很大，但足够两个小时消磨时间了，因为拍照技术有限，没有拍出想要的大片，好遗憾呦，希望下次还能跟男朋友去玩哈哈哈哈哈哈,5.0,2020/8/22,0,1
806,希望这样的活动经常有,5.0,2020/11/26,0,1
807,没有活的？呵呵呵呵呵额呵呵呵呵呵呵呵呵呵呵呵呵呵呵呵呵呵呵呵呵呵呵呵呵呵呵呵呵呵呵呵全是大扇贝壳子,1.0,2020/11/22,0,1
808,人太多了，总得来说还是不错的。建议淡季人少的时候再去，要不都挤不动。希望里面建的能更好，下次再去能看到不一样的海底动物，，，，，，，,3.0,2020/9/16,0,0
809,免费预约的票嘿嘿 各个馆都活体的海洋生物 也有标本和海洋知识 总体来说涉及的方面很广 但是呢海底世界免费预约是进不去的 必须要花钱买门票的 其实海底世界里面才是最好玩的呀哈啊哈哈 场馆挺小的 但对于没来过的旅客来说也是一个不错的好地方,5.0,2020/8/17,0,1
810,和家人一起去的，感觉不错，可以和孩子科普一下海洋生物，停车也方便，逛完还可以去海边溜达一圈，环境好！,3.0,2020/10/20,0,1
811,人太多了 都没个坐的地方 整体感觉也一般,3.0,2020/11/18,0,1
812,打卡地哦,5.0,2020/11/25,0,0
813,是免费的呀！很好看的，水母馆和海豹馆，还有一只总在门边靠着的自闭小企鹅，只有它自己一只企鹅,4.0,2020/10/4,0,1
814,哎，去的时候太热,4.0,2020/11/22,0,1
815,水族馆四个馆之间是有一定距离的，在公众号预约免门票去的，感觉还可以，但是正价的话就有点贵啦。,3.0,2020/9/4,0,1
816,挺好的，很多馆，里面有空调，很凉快，非常适合拍照，很好看，推荐大家去，毗邻青岛著名风景区鲁迅公园、青岛第一海水浴场和五四广场。它整合了青岛水族馆、标本馆、淡水鱼馆等原有旅游资源，与依山傍海的自然美景相融合，形成山中有海的奇景。 独特的地理位置、现代化的展示手段、与水族馆、标本馆、淡水鱼馆的良好整合和互补，使其成为全国独具特色海洋生态大观园。,5.0,2020/8/27,0,1
817,真的不错哦,5.0,2020/9/26,0,1
818,不错哦！我们去的早，人很少，海狮，海豹，海龟，热带鱼🐠，海洋生物标本等都能仔细观看，了解了一些知识。,4.0,2020/11/3,0,1
819,带孩子去玩非常好哦！,5.0,2020/11/21,0,1
820,没到过海底世界，别说你来过青岛😁此次免费开放的水族馆，是青岛海底世界的一个部分，有水母宫，海豹海狮海龟馆，地方都不大，但里面的小动物平时都很少见，孩子很开心，水母的确很梦幻，打上灯光超漂亮，来青岛一定要来这里玩呀！,5.0,2020/8/25,0,2
821,很不错的，很有意思，玩得开心！,5.0,2020/11/22,0,1
822,必须强烈推荐，没去海底世界，千万别说您来过青岛😎,5.0,2020/10/1,0,1
823,很好呦,5.0,2020/11/20,0,1
824,小动物们都不错，，乘坐地铁也可以到！唯一不满意的事，没有残疾人通道，我父亲，上年龄了，轮椅无法推进去，，不能参观！只能我们自己进去游玩，匆匆结束！,3.0,2020/9/21,0,1
825,水母宫太好拍照了，太赞了！,5.0,2020/10/22,0,1
826,很不错的水族馆，孩子们喜欢。,4.0,2020/11/20,0,1
827,"【环境】馆内很凉快，空调很给力
【交通】地铁做到海水浴场，公交直达
【项目】水母馆，海豹馆，淡水鱼馆都免费，随便看，真不错，小朋友去看海底生物，既娱乐也学习海洋知识，夏天纳凉的好去处，感谢政府给居民带来的福利。",5.0,2020/8/24,0,0
828,在外面玩累了看见这里有免费预约门票，和朋友一人预约了一张，然后五分钟以后才能进去，里面的空间不是很大，能看的东西也不是很多，就这么几个，空气中有点腥腥的味道，小企鹅只有一只，一直盯着后面的背景墙发呆，感觉它好孤独,3.0,2020/8/18,0,1
829,挺好的 休闲娱乐来一趟,5.0,2020/11/20,0,1
830,很漂亮，免费参观,4.0,2020/11/21,0,1
831,馆不大，适合拍照呀，免费。。。。。。,5.0,2020/9/16,0,0
832,"【环境】很高
【交通】便利
【项目】免费的🆓很不错",4.0,2020/11/15,0,0
833,失望😔不如极地失望😔不如极地失望😔不如极地,1.0,2020/11/17,0,1
834,带孩子不错的选择。可惜还有收费的地方绕不过去😓,4.0,2020/11/16,0,0
835,门票贵，只觉得看了一小会就结束了,2.0,2020/10/8,0,1
836,挺好看的，免费也挺好的，动物们都很好，很友善,3.0,2020/11/16,0,0
837,很棒啊，前面的免费还不错，后面的海洋世界药收费了。,5.0,2020/11/13,0,0
838,有幸跟同事一起白嫖了一把，感觉很漂亮。不虚此行。强烈推荐去看一看。,5.0,2020/10/2,0,1
839,免费看，还不错,4.0,2020/11/20,0,1
840,不错，挺好看的。,4.0,2020/10/2,0,1
841,一般吧，没啥大逛头，东西就是那些东西，没啥惊艳,3.0,2020/11/14,0,0
842,还不错，都是标本样子的水中动物，出去还有海底隧道一样的另外的馆,3.0,2020/11/8,0,1
843,很不错奥，毕竟也是免费的，如果方便去的话可以，但是在青岛停车位很不方便的真的真的很不方便，去青岛那交通规则也是一定要开导航，和你在自己家不一样，提前做好攻略，在青岛确实没啥玩，呵呵哈哈哈哈哈哈哈哈哈哈哈哈哈哈哈,3.0,2020/8/21,0,1
844,水母品种很多，五颜六色的真好看。,5.0,2020/10/30,0,1
845,"【环境】非常满意的一次旅游
【交通】方便
【餐饮】好
【项目】非常好",5.0,2020/10/2,0,0
846,超浪漫的地方 推荐哦,5.0,2020/11/18,0,1
847,里边种类很多，适合领着小孩子去看，去认识更多小动物,4.0,2020/11/13,0,1
848,我觉得这个更适合小朋友去，科普类水族馆,3.0,2020/11/15,0,0
849,很好玩！疫情期间一直没出来。到海边转转。看看小海狮再吃点海鲜。感觉很惬意啦！,5.0,2020/10/6,0,1
850,地方不大，挺有意思，增长很多知识，推荐游览,5.0,2020/9/9,0,1
851,太喜欢那个小企鹅了，其他小动物也蛮可爱的，然后很不错的一次体验,5.0,2020/10/7,0,1
852,海豹馆有海豹，海狮，企鹅，海龟，还有一个水母馆，里面有各种水母，还没拍照，可惜了。两个馆离得非常近，大概就是走路几分钟就到。门票可以在微信公众号上面预约，不过刚预约需要等一下才能进去，最好还是提前约，免费的。,5.0,2020/8/23,0,1
853,微信随手预约就可以来啦 水母很漂亮😊,5.0,2020/9/13,0,1
854,疫情期间水族馆免费，真的超级赞，人很多，但是不影响参观体验，进入景区后里面井然有序，水母很美，海豹相当活泼，企鹅🐧呆呆的站在那里，还有各种鱼类、蟹、虾标本，孩子玩的都不想离开，开阔视野，又增长见识。,5.0,2020/8/20,0,1
855,在网上免费预约的参观水族馆，有水母馆和海豹还像海龟企鹅什么的，水母很多而且很好看。环境也还挺好的，去海底世界的人好多啊，后面就是海和沙滩风景真好呀，很适合踩水。海豹海象一直游来游去，企鹅很有镜头感，等游客给他们拍照，但是好像只有一只怪孤独的,4.0,2020/8/18,0,1
856,美团上预约的免费票也太香了叭！！！！！！可以去水族馆！海豹馆！还有一个啥来着！！总之该有的都有啊！简直是太棒了！！就是人有点多可能因为免费的事哈哈哈大家都来体验了！走走逛逛看看拍拍愉快的一下午就过去了～,5.0,2020/9/4,0,1
857,还可以太热了有点累啊啊啊啊啊啊啊啊啊,3.0,2020/11/15,0,0
858,太满意太满意！,5.0,2020/11/18,0,1
859,不是全部免费！海底世界不免费！大老远去了，失望,1.0,2020/11/12,0,1
860,水族馆临近海水浴场，参观完水族馆可以在沙滩上野餐♥,5.0,2020/11/10,0,1
861,工作人员拉着脸，爱搭不理的，遊青岛的兴致打折一半，青岛多美的地方，这样的工作人员真扫兴。不明白他们在上岗前不培训吗？自己有再大的不如意也不能表现在岗位上，这是起码的职业道德！,2.0,2020/10/11,0,1
862,非常的好，不虚此行，强烈推荐,5.0,2020/11/15,0,0
863,水母和海狮好可爱，超级棒，去海狮馆可以带个颜色鲜艳的小东西，有一只海狮会被吸引然后追着你的手跑，特别可爱,5.0,2020/10/20,0,1
864,这次没有什么感觉，感觉乱糟糟的，好像还有个大领导在参观，搞得跟干什么似的,2.0,2020/11/6,0,1
865,我和老公是新青岛人，在青岛生活多年，还是第一次进水族馆，趁着免票活动，虽然只有水母宫和海豹馆，但是很不错，水母宫里很多种类，海豹馆里也挺好，就是企鹅还孤单，只有一个，海龟也有不少，重重的**却能上浮吃东西下潜嬉戏,5.0,2020/8/3,0,2
866,人太多，水母挺可爱，还不错哈哈,4.0,2020/10/5,0,1
867,还不错.适合带孩子去游玩。让孩子对海洋生物有了更多的认识。,3.0,2020/11/9,0,1
868,挺好的，放假的时候带孩子去的，挺方便的,3.0,2020/11/11,0,1
869,很粗糙,5.0,2020/11/15,0,0
870,水母真滴太梦幻了，满足了女孩子对大海无限的期待。,5.0,2020/9/7,0,1
871,非常奈斯！,5.0,2020/11/15,0,0
872,可以的可以的,5.0,2020/11/15,0,0
873,海豹很可爱乌龟和企鹅呆呆的水母看起来很治愈系。最后在海底世界入口拍了照片。主体的海底世界场馆需要再花120元才能进去就没去看了,3.0,2020/8/21,0,1
874,不错不错不错，水母馆很好看，扫码免费参观,3.0,2020/11/11,0,1
875,免费开放景点必须推荐，夏天纳凉好去处，特别是带孩子去看看，即能学习知识又能开阔眼界，水族馆里又凉快，又舒服，能看到多种多样的水母，海豹，海狮，淡水鱼，企鹅，海龟等，真的好棒，看着他们在水里自由自在的游走，让人的心情超级好。,5.0,2020/8/16,0,0
876,水母还是很漂亮的，不花钱的景点里算是不错的了,3.0,2020/10/2,0,1
877,提前预约，里面很多种水母，海狮，海豹都有，无聊可以去看看，小孩子喜欢,4.0,2020/11/5,0,1
878,很好，领着宝宝一块玩的，孩子很喜欢,5.0,2020/11/10,0,1
879,最近免费，活动很不错，小朋友很喜欢,5.0,2020/10/4,0,1
880,很喜欢，，,4.0,2020/10/28,0,1
881,免费的海底世界必须玩得开心，海豹馆真的好看，海豹们呆萌呆萌的超级可爱，水母宫里面特别梦幻，拍照的好地方。假期来看看还是很不错的，淡水馆也有的看，总的来说是很不错的体验。年底之前预约就可以免费真的超值，不虚此行。,5.0,2020/10/2,0,1
882,真的想不到，海里的动物千奇百怪呢。,4.0,2020/11/13,0,0
883,小的时候妈妈经常带我去，现在我带着爸爸妈妈和我的宝宝一起去,3.0,2020/11/6,0,1
884,满意好评，推荐使用，真的是超级方便的,5.0,2020/11/11,0,1
885,周末带孩子去畅游一番，玩的非常尽兴，多年没看到的海龟记起了小时候的情景，谢谢🙏,4.0,2020/11/2,0,1
886,不如小时候去的好了什么也没有了,3.0,2020/11/8,0,1
887,一共逛了两个馆，水母馆和海豹馆，馆都比较小，但是水母还是比较绚丽的，还有三只大海龟，海豹馆里面有海豹和海狮,4.0,2020/9/20,0,0
888,不错的一次购物。不错的一次旅行，强烈推荐大家购买,5.0,2020/10/2,0,0
889,带着小孩去的，免费，可以学到不少水族方面的知识，确实不错！,4.0,2020/9/17,0,0
890,很好。近距离隔着玻璃看水母，海豹 海狮。各种水母，很漂亮，自由跳动，就是参观的人很多，拥挤不堪。换票麻烦，预约不方便，没手机还不行， 老人去不方便。年轻人太多，拥挤。不让人，台阶多，走路一定要注意安全的问题,4.0,2020/8/16,0,1
891,"青岛惠民景区15处，向所有市民免费开放。
今天和朋友预约来参观，真的好棒，水母馆和海豹馆都可以参观。
好多可爱的水母君，超级美，
适合情侣来拍照，
更适合带着孩子来学习海洋知识，
近距离接触海洋生物，感受海洋的独特魅力！",5.0,2020/8/3,1,1
892,太骗人了，一点也不好，以后不去了,1.0,2020/10/2,0,1
893,这个强烈建议去看一下，带着家人跟孩子，有各种各样的水母，里面也很凉快，大热天的好去处,5.0,2020/8/23,0,1
894,挺好挺好环境优美动物可爱哈哈哈哈哈哈,3.0,2020/11/8,0,1
895,国庆免费预约进馆的，还不错吧，就是位置不在一起，得绕一绕,4.0,2020/10/5,0,1
896,"免费就是套路，免费的馆大部分都是模型，连标本都不是，到海底世界然后就让你买票，130一位，不然就不能继续往下参观了
工作人员还是那套老词，什么水母宫的水母是活的等等，，，其实怎么回事大家都知道",1.0,2020/10/5,1,1
897,其他的馆免费，但是最主要的水族馆却是收费的，不能看，那其他的也就水母馆还有点意思了,2.0,2020/11/4,0,1
898,还行吧，由于是免费只开放了两个馆，还是挺值得一看的,3.0,2020/11/7,0,1
899,考试结束后将在今天晚上上厕所的时候可以睡到,3.0,2020/11/8,0,1
900,还不错，就是小了点，大概10分钟逛完,4.0,2020/11/8,0,1
901,大家请注意，水族馆是免费达，就是说水族馆里都是生物标本，还挺多的，不是很大，但是还是有很多的，值得一提的是，游客也真的超级多，请大家避开游客高峰期去观看，如果想看活的可以买门票去看活的动物，也还可以。,3.0,2020/8/30,0,1
902,孩子的乐园，还会来的！,5.0,2020/11/12,0,1
903,只开4个馆鹅鹅鹅鹅鹅鹅鹅鹅鹅(凑字数的),3.0,2020/10/2,0,1
904,免费的带家人玩了一圈，都是小朋友不错,5.0,2020/11/8,0,1
905,最近免费预约，觉得还是挺值得。第一次进海洋馆还是挺开心的。神奇的海洋生物让我这个久居内陆的俗人，眼前一亮，莫名欢喜，,4.0,2020/9/5,0,1
906,真的很美，暑假打卡,5.0,2020/11/11,0,1
907,水母馆很好看,4.0,2020/11/11,0,1
908,还可以吧，免费参观还不错，付费的话不怎么推荐。,3.0,2020/11/9,0,1
909,第二次去了，还不错，孩子很高兴,3.0,2020/11/8,0,1
910,免费还是很不错的，当然只是免费水族馆哈，就是水母那一层，可看的不多，10分钟就逛完了，后面有只大海龟，不知道有没有被亏待伙食，水里啥也没有，一直在啃水，出了门就是海，退潮的时候可以捉捉螃蟹。哈哈哈哈哈,5.0,2020/10/6,0,1
911,好玩，特别好看，涨知识了，原来水母可以有这么多种类，太喜欢了，特别适合和朋友，或者家人去，很有意义，,5.0,2020/10/25,0,1
912,【环境】一般般一般般一般般一般般场所太小了,2.0,2020/11/8,0,1
913,很好 海豹好可爱 非常开心现在还不收费了,5.0,2020/9/26,0,1
914,"所谓免费纯是唬拢人！欺骗人！大家千万别信！！免费的就是百分之一！！其他的还得买票，而且和全价票一样价钱！！

这就等于他们免费就是幌子！骗人的！！把你骗过去再不得不买全价的票进去！！！",1.0,2020/10/13,0,1
915,水族馆孩子经常去，涨知识的好地方。,5.0,2020/11/7,0,1
916,2000年上小学的时候来过一次，那个时候还只是两只大海龟，20年后再次归来时，海龟都有宝宝了，哈哈，后来才发现那不是海龟的宝宝，这是那两只大海龟，也不是夫妻，他们只是不同品种的三只海龟，难怪要把它们分开养,5.0,2020/8/29,0,2
917,孩子超级喜欢去的地方  可以学到很多知识,5.0,2020/11/7,0,1
918,这么好看的地方竟然不要门票，适合带老人孩子去看看,5.0,2020/9/3,0,1
919,"免费门票去玩的 还是很不错的
水母馆 海豹馆 标本馆 鲸鱼馆都可以参观 小朋友很喜欢
空调很足 消夏好去处",5.0,2020/8/18,0,1
920,满意好评,5.0,2020/11/11,0,1
921,"【环境】很梦幻
【交通】通达度高
【项目】水母馆格外漂亮，每一张都可以做壁纸",5.0,2020/9/13,0,1
922,还好，就是动物世界要花钱才能进去。,5.0,2020/11/7,0,1
923,免费开放，是一项特别好的惠民政策，大力支持,3.0,2020/11/6,0,1
924,挺好的好好啊还傲娇安凯挨家挨户,3.0,2020/11/7,0,1
925,提前在海底世界公众号网上预约，很方便，到时扫码进，周末人挺多的，馆不大，一会就逛完。水母真的很漂亮，不过我家娃喜欢那个大海龟，在那驻足了半天一直在那看。(ಡωಡ)hahahahahhahahahhaha,3.0,2020/8/28,0,1
926,不错，挺值得这个地方，值得这转转,4.0,2020/11/9,0,1
927,刚好遇见青岛免费游就过来玩一玩了，还以为是一个馆，原来是几个馆呀，虽然每个馆不是那么大，不过还是不错的呀，可以看看动物标本也有活体的，还有介绍什么的，人还是挺多的，需要排队呀。去海底世界需要单独购买票呀，那个还是很不错的，有节目表演什么的呀。,3.0,2020/8/3,0,1
928,棒！我永远喜欢海洋馆！,5.0,2020/9/28,0,1
929,夏天去是真的很凉快,5.0,2020/11/9,0,1
930,和朋友去的超级美！！！ 强烈推荐啊 一定要去 位置也很好找 有停车位 非常方便！！,5.0,2020/8/23,0,1
931,许久没来水族馆，今年的活动力度很大，9月的青岛还有些热，下午排队的人不少，海豹馆是最喜欢的。,4.0,2020/10/23,0,1
932,挺不错的一次体验，水母很好看，神秘的海底生物,3.0,2020/11/2,0,1
933,人很多。  环境有点不好 。  水里脏。。。,3.0,2020/11/5,0,1
934,还不错 只能看水母馆 种类很多 可以过来看,3.0,2020/9/26,0,1
935,"【环境】环境干净整齐卫生
【交通】交通便利
【项目】欣赏了好多免门票",5.0,2020/9/11,0,1
936,还可以，带着女朋友和同事一起去的，免费！,5.0,2020/9/24,0,1
937,十一去的，人多，太太太不好停车,3.0,2020/11/6,0,1
938,水母超好看！！！,5.0,2020/10/19,0,1
939,海狮馆 海豹馆 还有水母馆 这次还免门票 就在海边 还可以,4.0,2020/9/19,0,0
940,虽然小巧，但种类多。适合拍照，挺有感觉的。,4.0,2020/11/3,0,1
941,非常棒 感谢政府好政策 没玩够 还要去,5.0,2020/11/4,0,1
942,免费预约进去参观的，尤其是水母宫，里面很好看，就是地方不大，不用一个小时就能逛完,3.0,2020/10/25,0,1
943,第一次去青岛海底世界，周六去的人还挺多，因为最近青岛可以免费预约入园，百年难得的好机会终于赶上了，在里面逛了两个小时特别的长知识有很多的标本，还有企鹅海豹风景也特别得好，虽然最里面的海底世界没有进去，但是已经物有所值的。￼￼,4.0,2020/8/9,0,1
944,还以为全免费呢，这么远去了结果唉…,2.0,2020/11/4,0,1
945,好👌,4.0,2020/11/8,0,1
946,今年青岛很给力，预约就好免费玩，真不错，里面的生物很可爱,5.0,2020/10/28,0,1
947,知识丰富，孩子喜欢，家长开心，老人高兴,4.0,2020/11/1,0,1
948,好好玩的地方,4.0,2020/11/4,0,1
949,人很多，但是秩序井然有序，一点都不乱,5.0,2020/9/25,0,1
950,还行吧 不是很大 最多5分钟就逛完,3.0,2020/9/23,0,1
951,水母宫很漂亮，大海龟是孩子最喜欢的，海豹海狮都挺好的，企鹅🐧虽然就一个，也满足了孩子的好奇心，疫情期间免费，人不多，挺不错的。,4.0,2020/10/11,0,1
952,"【环境】门口可以扫码验券 入园方便 但是场馆不大 熊孩子很多
【交通】选了个步行最少的公交车 下车之后往前走走就到了
【项目】参观了水母馆 哈哈哈😁好柔软的样子 不同种类还可以发光 适合带小盆友来玩耍 
ღ(๑╯◡╰๑ღ粗乃玩",5.0,2020/8/7,0,1
953,对孩子科普很重要，孩子很感兴趣。。。。,4.0,2020/10/4,0,1
954,青岛水族馆今天来看了看，还行吧,3.0,2020/11/3,0,1
955,水族馆免费了，好多年没去了，趁此机会去逛逛，加上海底世界一共有六个馆，除了海底世界其余的馆都是免费的。要在公众号上提前预约一下，周末人挺多的。水母宫里有很多品种的水母，宛如进入了童话世界，还有海龟，海豹什么的。值得一游,4.0,2020/8/12,0,1
956,标本也很好看，水母也好看,5.0,2020/9/25,0,1
957,总体还不错，带小朋友玩还可以！,3.0,2020/11/1,0,1
958,"【环境】不错
【交通】不错
【项目】还行
主要是不要钱",4.0,2020/10/31,0,1
959,玩了一下挺舒服的 美中不足就是时间太短了,3.0,2020/11/1,0,1
960,免费的要提前预约，水母种类挺多，还有海狮海豹和一只企鹅🐧,5.0,2020/8/22,0,1
961,看的是水母馆，和海狮馆是免费的，人挺多的,2.0,2020/9/7,0,1
962,挺好的，没想到两个馆都可以看。活动期间免费的开放的，看到了企鹅和海龟还有海狮和海豹,3.0,2020/10/23,0,1
963,免费的是只有水母馆，很多水母，超级漂亮，超级推荐！,5.0,2020/11/1,0,1
964,"【环境】
【项目】
【餐饮】
【交通】",4.0,2020/11/3,0,1
965,还不错 交通方便 挺好的 现在免费可以去玩玩,4.0,2020/9/2,0,1
966,水母特别漂亮，小孩子很喜欢,4.0,2020/10/31,0,1
967,不错不错不错，很满意,5.0,2020/11/2,0,1
968,来青岛，发现青岛水族馆免费参观，只要网上预约就可以，好像平时是三十一位的，这个景点是来的最超值的一个地方，特别的棒呢。有很多的水母，还有三只大乌龟，人也挺多的，是来了还想再来的地方，大家可以来试试，挺好的呢。。,5.0,2020/8/5,0,1
969,挺好的有水母宫、海豹馆，周围鲁迅公园小青岛风景很美,5.0,2020/10/24,0,1
970,大片都是在这拍的,4.0,2020/10/16,0,1
971,"【环境】好
【交通】方便
【项目】好",3.0,2020/11/1,0,1
972,水族馆和海底世界是相邻的两个景点，水母宫拍水母做壁纸的很漂亮，海豹馆也有一小段隧道的感觉，不想看表演的个人觉得水族馆就可以了，现在免门票很划算哟,4.0,2020/8/12,0,1
973,不错不错的，只需要网上预约成功，五分钟之后就可以进场了。,4.0,2020/9/5,0,1
974,挺好的 不错的一次散心旅程,5.0,2020/11/2,0,1
975,如果海底世界也不要钱，扫码能逛就好了！一百多一张票，没舍得花钱。我妈有老年证，本来她想自己进去的。,4.0,2020/10/15,0,1
976,挺好看的。,4.0,2020/11/1,0,1
977,真的很方便，美团给给力,4.0,2020/11/2,0,1
978,"【环境】很优美，海边沙滩上玩了玩。
【交通】很便利，可以坐地铁3号线过来。
海豹很可爱，标本品种很多，增长见识了！",4.0,2020/9/5,0,1
979,好看～那么多水母还有海豹～,5.0,2020/10/25,0,1
980,挺适合小朋友去玩的，走走逛逛没多长的。,5.0,2020/10/28,0,1
981,就是免费开放的项目不多海底世界进不去只能看看水族馆啥的,3.0,2020/9/10,0,1
982,看了非常漂亮，而且还是免费的,4.0,2020/11/2,0,1
983,一点都不好一点都不好一点都不干,1.0,2020/11/3,0,1
984,比较小的水族馆，周末人还挺多的，但是很快逛完。,3.0,2020/9/20,0,0
985,没花钱领来的快乐，哈哈哈哈，很棒,5.0,2020/8/29,0,1
986,还可以，人很多，回来以后还被隔离了……,3.0,2020/11/1,0,1
987,梦幻水母宫很漂亮，还看到了小企鹅,3.0,2020/10/30,0,1
988,没花钱买门票，感觉还可以吧！但是下回不会去了,2.0,2020/10/28,0,1
989,全是标本…感觉就跟学校标本室一样…反正免费的也就这样了吧,2.0,2020/10/25,0,1
990,挺好的，宝宝去了很开心,4.0,2020/10/30,0,1
991,挺好的，游览路线规划的不错,4.0,2020/10/30,0,1
992,如果有水母卖就更好了,4.0,2020/10/29,0,1
993,很好，很不错，免费去的，人太多了,3.0,2020/10/29,0,1
994,总体感觉很好，孩子很喜欢。水母，海豹，海狮，企鹅，海龟。预约的时间是16：30—17：00，到了才知道五点下班，想去的提前安排好时间,5.0,2020/9/7,0,1
995,海底世界，这里的海洋生物会让你打开一个未知的世界，几个馆游览下来，真的收获满满的。,5.0,2020/9/11,0,1
996,值得一去，看下海底世界的精彩，补充一下海洋知识,5.0,2020/10/24,0,1
997,免票，人也少，斑斓的水族馆里，品种多样的水母，让人流连忘返，目不暇接，美不胜收。,5.0,2020/10/17,0,1
998,特别好～,5.0,2020/10/28,0,1
999,很小的一个地方，全是水母，没啥意思,3.0,2020/10/24,0,1
1000,人有点多，但是水母也太漂亮了吧。体验很好,5.0,2020/9/3,0,1
1001,免费的时候去的，挺好，认识了很多水生动物,5.0,2020/9/8,0,1
1002,有水母馆，海豹海狮，鲸鱼馆基本都是标本的多，还是非常不错的，可以去玩玩,5.0,2020/9/7,0,1
1003,去吧去吧 挺好玩儿的 水母馆特别美呢,4.0,2020/9/4,0,1
1004,挺好 疫情期间免费 水母太美了,4.0,2020/9/18,0,0
1005,人超多，只去了梦幻水母宫和海豹馆，小孩子很喜欢这里，,5.0,2020/10/21,0,1
1006,"【环境】环境是很好的，离第一海水浴场很近，排队等进场的时候站着旁边就是海。

【交通】地铁比较方便，下来之后需要再走几百米。

【项目】两个馆，全部游览完大概五分钟。",1.0,2020/8/16,1,0
1007,免费的，还不错！,4.0,2020/10/26,0,1
1008,虽说只有俩馆，还是值得去！超喜欢水母,4.0,2020/10/27,0,1
1009,预约了三张票 感受很不错 带着小时候的记忆 和老妈还有孩子来参观30年后的水族馆 作为青岛本地人 更多的是一种情怀 一种记忆,5.0,2020/8/5,0,1
1010,一直想到海底世界看看，用美团购票便宜方便，关键是真的比想象的还好，像置身于海底世界，近距离的接触海洋生物，学到很多科普知识，珊瑚礁，水母，鲸鱼🐳🐳🐳等等，让人感觉不一样的生命律动，就是去的晚些了，时间有些紧张，走马观花的赶时间，建议游客去的时候，多在里面逛逛，，物有所值,4.0,2020/6/28,0,1
1011,哈哈哈哈哈哈水母都好可爱,5.0,2020/10/28,0,1
1012,就那几个地方，其它的地得加钱！,1.0,2020/10/25,0,1
1013,免门票还是可以的,5.0,2020/9/3,0,1
1014,非常棒的水母馆，值得带孩子长知识！,5.0,2020/8/20,0,1
1015,看到这些水母感觉超级治愈很适合朋友，家人，情侣一起来看。,5.0,2020/9/9,0,1
1016,嘻嘻 暑假和闺蜜一起去的呢 开心心,3.0,2020/10/24,0,1
1017,挺好的，孩子也喜欢，重要的是四个馆免费哦,4.0,2020/8/25,0,1
1018,人超多，排队是正常的,5.0,2020/8/24,0,1
1019,是免费水族馆部分不免费，海底世界部分要不都别免费，要免费都免费。,2.0,2020/10/24,0,1
1020,这根本就是个坑，水母馆进去两分钟就完事了，并不是海底世界免费。,1.0,2020/10/18,0,1
1021,不错 挺好看的,5.0,2020/9/11,0,1
1022,以为很好呢，结果去了一看一般情况！,2.0,2020/10/21,0,1
1023,很满意，孩子很开心,4.0,2020/8/26,0,1
1024,免费的景点能看到的是水母和海豹海狮乌龟。建议还是要花钱看的比较好。,5.0,2020/9/16,0,0
1025,太小了，水母种类很算，但是有些观看窗口太高，带着娃去一直要抱着她才能看到,5.0,2020/10/13,0,1
1026,改,5.0,2020/10/29,0,0
1027,一连串的小馆都很好看，海洋馆反而没有很惊艳，里面的表演是什么鬼，完全不用期待,3.0,2020/9/27,0,1
1028,总体来说还是不错的，毕竟是免费的，哈哈哈,3.0,2020/10/25,0,1
1029,水族馆包括水母馆，鲸馆，生物博物馆。免费的，海底世界在他们旁边，去的话要买票。,3.0,2020/8/24,0,1
1030,还不错哦，意犹未尽 就是免费开放的区域太少了,3.0,2020/10/22,0,1
1031,水母馆好好看,5.0,2020/9/11,0,1
1032,道行高深莫测--------------,1.0,2020/10/28,0,1
1033,水族馆很好看，很漂亮，孩子很开心，海豹馆超好玩～五个场馆，水母海豹鲸鱼～,5.0,2020/8/18,0,1
1034,跟男朋友一起去的，这是我们第一次一起去水族馆，蛮有趣的，里面多数是水母，挺好看,3.0,2020/9/7,0,1
1035,水族馆现在免费开放，情侣和带小朋友的都可以去看一看！水母种类挺多，慢慢看也就一小时内，走800米左右就可以去小青岛了,5.0,2020/8/20,0,1
1036,不错，免费的！就今年免费看！大家不要错过了！,5.0,2020/9/8,0,1
1037,还好，就是电子申请有点麻烦，人有点多,3.0,2020/10/24,0,1
1038,活动力度很大，免费游玩，很给力，环境不错，需要预约，眼力大开，室外炎热酷暑，室内凉凉冷风，小动物活泼可爱。,5.0,2020/8/16,0,0
1039,很棒棒啊，免费看海底世界，人挺多的，最喜欢海豹，太可爱了,5.0,2020/10/17,0,1
1040,感觉带孩子来挺好，小情侣来也不错，很漂亮,5.0,2020/10/18,0,1
1041,青岛很给力，预约免费看漂亮的水母、海豹等，为青岛点赞,3.0,2020/8/20,0,1
1042,很一般吧……………………就是不适合专门去玩一趟，不大值……,1.0,2020/10/21,0,1
1043,希望以后有更多的亲民活动,5.0,2020/10/26,0,1
1044,美，惊艳！,5.0,2020/9/17,0,0
1045,还是可以的  海豹馆一进去的地方挺美得适合拍照  海豹挺可爱的   水母馆的有好多种类的水母  挺漂亮的,3.0,2020/8/24,0,0
1046,丢了把伞，拍照的时候。。,5.0,2020/9/2,0,1
1047,孩子喜欢，比极地世界小很多，但是不要钱啊，喜欢。,3.0,2020/10/18,0,1
1048,带着小朋友去非常好,5.0,2020/9/1,0,1
1049,看图！你觉得我有啥不满意的，适合傍晚，情侣去,4.0,2020/8/17,0,1
1050,不错不错好吃不贵，经常去，带闺女闺蜜老公全家人都去吃我也挺爱吃的就是没图片了可惜可惜,4.0,2020/10/10,0,1
1051,套路的，去了还得给花门票🎫，进去,2.0,2020/10/22,0,1
1052,趁着免费去的，没有玩乐项目，但展览很棒，小朋友们很兴奋，很值得参观,4.0,2020/8/13,0,0
1053,很不错哦，好久没有去看水母了，各种各样的水母～,4.0,2020/10/4,0,1
1054,很漂亮，很美好。,5.0,2020/9/3,0,1
1055,免费观看多好啊,5.0,2020/10/8,0,1
1056,水母馆惊艳,5.0,2020/10/25,0,1
1057,之前去的海底世界，这次青岛政府给力，免费很不错，我们急着走，去了两个馆，都很不'错，水母好多品类，所有的话语，不如领着孩子去亲身体会。看了企鹅，不过一小只，有点孤单。还有好多鱼，孩子记得很详细，拍了好多照片，老二就喜欢企鹅，对了60岁不需要预约，是免费的，很开心，去了栈桥，去了中山公园，水族馆，不错,5.0,2020/8/26,0,1
1058,水母馆我可太爱了 十分治愈赞赞赞👍👍👍,4.0,2020/10/6,0,1
1059,8月份开始趁着免费，领孩子逛了一圈，因为是周末，门口排队两三分钟就可以进去啦。水母种类很多，水母很漂亮，小朋友非常非常高兴，虽然场馆有点小，可是也能学到很多知识。大家出行一定要避开周末，体验感会更好。十分钟参观完，出来门口紧靠海边，小朋友抓螃蟹，小鱼，更是玩得不回家，。这是额外的收获。,3.0,2020/8/27,0,1
1060,好漂亮的，很推荐来,5.0,2020/9/1,0,1
1061,水母很多，大开眼界，挺不错的一个地方,4.0,2020/10/17,0,1
1062,【环境】去水族馆之前还去了海边 地段很好 挨着小鱼山,4.0,2020/10/17,0,1
1063,简直就是欺骗！去了才发现，只可以免费参观什么青岛水族馆，特别拥挤不说，馆很小，内容很少，而且里面全部是模型，毫无看点。然后随着人流到了海底世界，是要另外收费的。嗯，不明真相的群众就这样被带到了海底世界门口，要不要花钱进去呢？这波流量带的,1.0,2020/9/1,1,1
1064,水母馆很好看啊很值！！！夏天去可以凉快好一阵子,5.0,2020/9/8,0,1
1065,去过很多海洋世界，青岛的只能算是一般,3.0,2020/10/18,0,1
1066,很好，虽然免费的只是一部分区域，但是也值得一看,5.0,2020/10/19,0,1
1067,一个人发哦着俩孩子去的海底世界，小时候是水族馆到今天的海底世界进去还是感觉很有意思…非常适合小孩子外出游玩的,4.0,2020/10/3,0,1
1068,太美了,5.0,2020/10/24,0,1
1069,疫情期间免门票去的。有点单一吧，没什么特别。不建议特意去一趟。,2.0,2020/8/12,0,2
1070,"good,good,very good",5.0,2020/10/5,0,1
1071,孩子很高兴，唯一不喜欢的就是那只小企鹅一直站着不动,4.0,2020/10/17,0,1
1072,孩子很喜欢看，比较有意义,4.0,2020/9/5,0,1
1073,水族馆对青岛人来说也是充满回忆的地方，值得一去！,5.0,2020/8/25,0,1
1074,出差路过，看了下，免费。,4.0,2020/10/22,0,1
1075,水族馆有各种水母和海狮还有老王八 还好哈哈哈 海底世界没去不清楚 据说没有活的吧 还好哈哈哈,4.0,2020/10/7,0,1
1076,来青岛旅游，就要去水族馆 海底世界这些地方，不虚此行！,5.0,2020/9/3,0,1
1077,过敏体质表示急需药物的时候送药很快，赞👍。,5.0,2020/10/16,0,1
1078,就是有点小 还是不错的 下半年门票一直免费,3.0,2020/9/8,0,1
1079,要是所有的馆都能去就好了，只让去2个馆，总觉得怪怪的。,3.0,2020/10/17,0,1
1080,还不错，里面有很多水母，很漂亮！,3.0,2020/10/17,0,1
1081,挺漂亮￼水母比较多，还有两只乌龟。￼,3.0,2020/9/9,0,1
1082,还可以。里面的海洋生物品种比较少 就海豹海狮海象，其他的就没有了。还是海i洋全世界更好玩吧但是这个不要钱，所以不用这么挑剔 挺好的,3.0,2020/9/24,0,1
1083,免费预约的，也太没有诚意了，可以看的那么少。,2.0,2020/10/15,0,1
1084,"总之门票免费 周末来看看海洋生物挺好的 
海狮也太可爱了
围在一起泡在池子里",5.0,2020/9/7,0,1
1085,很漂亮，预约免费的。,5.0,2020/9/10,0,1
1086,从第一浴场出来 大概走十分钟就到了 博物馆不开 只开水母馆和海豹馆 现在可以免费预约 小海豹特别顽皮可爱 水母各种各样 很漂亮,4.0,2020/8/13,0,0
1087,其实并没有什么意义，去看了那些骸骨,1.0,2020/10/18,0,1
1088,作为本地人也几乎没来过真不好意思，免费了当然不能错过，见识了好多新鲜东西，没去的抓紧预约，晚了可能进不去。,5.0,2020/8/11,0,1
1089,好不错,4.0,2020/10/18,0,1
1090,还可以吧，比极地还是有这差距。好在地理位置还不错！,4.0,2020/10/14,0,1
1091,好看呀 水母馆里有各种样子的水母  很美妙长见识了呢，人也挺多，因为免费 好多人都去。。。。。。。。。。。。。。。。。。。。。。。。。。。。。。。。。。。。。。。。。。。。。。。。。。。。。。。。。。。。。。逛,4.0,2020/8/16,0,1
1092,除了动物表演，其他的可以去青岛海底世界免费看，而且之前我去过海底世界，这次是陪朋友玩,1.0,2020/10/7,0,1
1093,好好看,4.0,2020/10/20,0,1
1094,强烈推荐！水母馆太漂亮了，还有海豹馆，海底世界，鲸馆和淡水动物馆，有活的水濑，企鹅，海狮，海豹，海龟，鳄鱼，鲟什么的，还有好多精美的动物标本和模型，还有贝壳珍珠之类的纪念品，总之真的超级推荐！！！！！,5.0,2020/9/11,0,1
1095,挺好的呀，水母，海豹，海师，企鹅，都有的，家人一起，同学同事，情侣都是很好的去处,5.0,2020/8/14,0,1
1096,长见识了，是个学习科普知识的好地方,5.0,2020/10/16,0,1
1097,之前去过一次水族馆，在去这个没有太大的惊喜，总体不错，遇上美人鱼表演,3.0,2020/10/8,0,1
1098,好看好看，水母馆超级适合拍照，这些小水母都太可爱了呜呜呜。,5.0,2020/10/11,0,1
1099,炒鸡棒！！科普了一下海洋生物知识，领着小孩去挺好，都丰富了自己的视野。超棒！！！,5.0,2020/8/28,0,1
1100,八月份去的，是免费的哦，里面有海豹，企鹅和乌龟，海报和乌龟都特别大，值得去看看,5.0,2020/8/14,0,0
1101,水母宫的水母还是不错的，其它的觉得一般般吧，每个馆和每个馆还离的有段距离，带孩子感觉有点累,3.0,2020/10/4,0,1
1102,很棒哦，喜欢的快来吧，置身海底世界，与自然和谐相处,4.0,2020/10/11,0,1
1103,非常好，服务态度很好，很好玩。,5.0,2020/10/15,0,1
1104,好玩好看，实惠，值得去，水母太好看了！动物园也值得一去,5.0,2020/8/21,0,1
1105,非常好，欢迎大家前去,4.0,2020/10/19,0,1
1106,自己跟朋友去的，小时候没记得来呀，水母海狮海豹，等这节假日还要领孩子再来啊,5.0,2020/10/5,0,1
1107,还可以，免费的，水母挺好看，半个小时逛完,3.0,2020/10/13,0,1
1108,非常不错  再次购买下次还来 不错不错,5.0,2020/10/17,0,1
1109,免费的场馆有三个，不要漏掉，水母馆很漂亮,5.0,2020/10/15,0,1
1110,刚免费的时候去的，排队的不少，景点就一个人孩子喜欢,3.0,2020/10/11,0,1
1111,挺好的，推荐和小青岛差开时间,5.0,2020/10/15,0,1
1112,水母种类很多，特别漂亮有趣，也有图文介绍，适合带孩子科普，海豹数量也很多，很大，运气好的话还可以和游客互动,5.0,2020/8/14,0,1
1113,海豹很可爱，种类蛮多，值得一游～,4.0,2020/9/15,0,0
1114,里面的水母很美，而且很好看。。还有一直小企鹅。。。它看着壁纸。。感觉是想家了,5.0,2020/10/7,0,1
1115,就是停车不太好停,4.0,2020/10/17,0,1
1116,带孩子去玩很好，水母很漂亮，种类很多,4.0,2020/10/14,0,1
1117,里面的水母太漂亮了，真的要爱死了,5.0,2020/10/16,0,1
1118,主要是免费才去玩 但是海底世界不免费很糟心 途中二维码扫不出来还要再弄一遍很麻烦,3.0,2020/8/3,0,1
1119,水族馆值得一来,5.0,2020/8/18,0,1
1120,还可以吧！，，，，，，，，，，，，，，，，凑个字数吧！,3.0,2020/10/17,0,1
1121,嗯……馆很小，人很多……就不太建议去，还行吧,3.0,2020/10/12,0,1
1122,第一次近距离看海豹，挺有意思，还有一段隧道，非常不错！,4.0,2020/9/1,0,1
1123,太漂亮了 很值得,5.0,2020/9/7,0,1
1124,好漂亮，玩着不错，可以去玩哦，下次还想去玩,5.0,2020/8/12,0,1
1125,经典景区，门票让利，赞👍必须赞,5.0,2020/10/13,0,1
1126,水母种类超多，有大有小，游来游去，自由自在看着就喜欢,4.0,2020/9/1,0,1
1127,玩的很开心,4.0,2020/10/14,0,1
1128,还不错，看了水母，海豹海狮，大海龟和企鹅,3.0,2020/9/23,0,1
1129,能不错啊,5.0,2020/9/7,0,1
1130,很好！但是不知道什么原因小企鹅总是在罚站😂😂,4.0,2020/10/8,0,1
1131,很好。免费了,5.0,2020/10/14,0,1
1132,水族馆其实也就一般般，建议还是去海洋世界比较好玩，毕竟有大型海洋动物,3.0,2020/10/3,0,0
1133,从小就来玩，现在都有孩子，带着孩子跟我一起回忆我的童年，跟孩子讲讲我小时候的回忆，哈哈,5.0,2020/10/4,0,0
1134,各种各样的水母，很漂亮！,5.0,2020/10/12,0,1
1135,看企鹅，还有海豹什么的，挺有意思的，而且是免费的,4.0,2020/10/7,0,1
1136,"海底世界七八年前去过一次
赶上政府发福利顶着30多度的天去凑了把热闹
真是就是空调房
海底世界拿出来两个模型大屋子供大家避暑",2.0,2020/8/16,0,0
1137,现在免费的可以。花高价的话就一般般吧。父母去的,5.0,2020/10/6,0,1
1138,还不错吧挺好的孩子很高兴大人们也高兴,3.0,2020/10/9,0,1
1139,服务很好不收门票,4.0,2020/9/25,0,1
1140,标本太多，活体有点少，人还挺多的,3.0,2020/10/11,0,1
1141,还不错呀  很漂亮  刚好免门票,5.0,2020/8/16,0,0
1142,很棒！虽然不大但是里面超好看！和爹爹妹妹一起去的,3.0,2020/8/12,0,0
1143,印象深刻很多品种的水母，环境很干净,5.0,2020/8/24,0,1
1144,奈斯 挺好玩的,4.0,2020/10/15,0,1
1145,超好看，里面还有很多科普类的知识，海豹馆里看到一只孤零零的企鹅一直呆呆的看着墙上的壁画是因为没有小伙伴一起玩想家了吗？,5.0,2020/9/4,0,1
1146,可以，很好看，玩的很开心，拍照景很好,3.0,2020/10/12,0,1
1147,服务好景色不错就是交通不方便，有些拥堵,3.0,2020/10/9,0,1
1148,无滤镜，很开心,5.0,2020/9/5,0,1
1149,青岛水族馆里有梦幻水母宫和海豹馆，非常适合一家老小假日旅游，带领小朋友感受海洋的无穷魅力,5.0,2020/8/3,0,1
1150,十五十五十五为啥为啥非要十五呢，够了吧,2.0,2020/10/14,0,1
1151,超级好看，水母特别治愈，很开心。可以免费去玩。真的好漂亮，喜欢超级好看，水母特别治愈，很开心。可以免费去玩。真的好漂亮，喜欢超级好看，水母特别治愈，很开心。可以免费去玩。真的好漂亮，喜欢超级好看，水母特别治愈，很开心。可以免费去玩。真的好漂亮，喜欢,5.0,2020/8/17,0,1
1152,非常不错，生物非常喜欢。,4.0,2020/10/13,0,1
1153,免费去的，还不错 靠着海滩,4.0,2020/10/11,0,1
1154,一般般，想看的没看到，无语中。停车还挺贵,2.0,2020/10/11,0,1
1155,现在疫情期间免费 免费还不错 要是收费的话真一般,3.0,2020/10/8,0,1
1156,水族馆里海洋动物植物琳琅满目，值得我们去参观！,5.0,2020/8/27,0,1
1157,可以去俩馆，水族馆和海狮馆，各种水母太漂亮了，海狮馆还有海豹企鹅，值得一看。,4.0,2020/8/2,0,1
1158,国庆节去的免费的海底世界，其实就是一个小小的水母宫而已！,1.0,2020/10/7,0,1
1159,海狮海豹很可爱,5.0,2020/10/10,0,1
1160,没意思，就除了看水母和海豹别的都看不了，还说是海底世界免费,1.0,2020/10/5,0,1
1161,今年免费景点之一，可以去看看，还是比较有意思的,5.0,2020/10/7,0,1
1162,免门票，太赞了 水母真漂亮,5.0,2020/10/10,0,1
1163,真的很不错，环境干净整洁，海洋动物活泼好动。,5.0,2020/8/16,0,0
1164,水母馆太棒了,5.0,2020/9/12,0,1
1165,什么，里面一点也不好，免费就是糊弄游客,1.0,2020/10/9,0,1
1166,还可以吧，就是种类数量都有点少，不够丰富。,3.0,2020/10/6,0,1
1167,挺好的，现在免费参观三个场馆，结束还可以去小青岛转一圈，都是免费的！,5.0,2020/9/12,0,1
1168,太好看了,5.0,2020/9/11,0,1
1169,很一般，而且根本不是全免费，只有水族馆免费，海底世界需要花钱,2.0,2020/10/3,0,1
1170,还不错，风景优美环境卫生也挺干净,3.0,2020/10/6,0,1
1171,很棒，现在优惠期间就是人比较多,5.0,2020/10/7,0,1
1172,在炎热的夏天是避暑的好去处，可以看到水母，海豹，企鹅，还有各种标本，科普海洋知识，最近免门票，可以去看一看。,5.0,2020/8/12,0,1
1173,水母超好看 海豹也超可爱,5.0,2020/10/9,0,1
1174,来到水族馆仿佛来到了海底，各种海底的生物琳琅满目，特别适合孩子游玩的好去处，同时孩子也学到了很多生物知识👍,5.0,2020/9/20,0,1
1175,趁着免门票的时候去逛了逛，只看了水母宫，品种很多，水母都超级可爱！,5.0,2020/8/23,0,1
1176,孩子们玩耍的好去处，各种海洋生物,5.0,2020/10/7,0,1
1177,挺好的  水母很漂亮 海豹很可爱  可以去玩一玩  反正免费😂😂,3.0,2020/10/4,0,0
1178,水母馆可以的,5.0,2020/10/8,0,1
1179,免门票，带着孩子去玩挺好的，建议大家去看看,5.0,2020/8/16,0,0
1180,非常好的青岛水族馆 参观了水母宫 海豹馆还有标本馆 只有这三个是预约免费的，青岛海底世界是需要额外付费的。不建议开车，不是很方便。,5.0,2020/9/16,0,0
1181,可以值得溜达一圈毕竟免费,5.0,2020/10/9,0,1
1182,人挺多的，里面还是值得一看的,5.0,2020/8/28,0,1
1183,说实话，没啥可看的。主要是带孩子见识比较好，再就是那个水母宫真的很漂亮。￼￼￼,4.0,2020/9/26,0,1
1184,里面挺大的好几个馆，还可以的。而且去的时候免费的经济划算,4.0,2020/10/2,0,1
1185,打卡～,5.0,2020/8/25,0,1
1186,"一般比较小，建议去海昌
可能是因为只看了水族馆吧
个人感觉还是海昌比较值得去一次",2.0,2020/9/25,0,1
1187,水族馆免费参观不错，就是人太多了。,4.0,2020/10/4,0,1
1188,水族馆里面只有水母馆，挺小的，逛一圈就没了,3.0,2020/8/20,0,1
1189,可以 非常的不错,5.0,2020/8/24,0,1
1190,第1次认真看了一下，里面的海洋生物还不错，很值得一看。,4.0,2020/10/5,0,1
1191,特别好，下次还会再来的，爱上了,5.0,2020/10/7,0,1
1192,"还差一些动物
【交通】还算可以吧",3.0,2020/10/7,0,1
1193,"人多，其他还比较OK
【环境】
【交通】
【项目】",3.0,2020/10/6,0,1
1194,科普墙很棒，但动物福利有些差，特别是。梦幻水母宫的海龟,3.0,2020/8/28,0,1
1195,很漂亮的水母，还想去看,5.0,2020/10/8,0,1
1196,国庆期间免费,4.0,2020/10/10,0,0
1197,水族馆增加了好多，还有海豹，海狮，企鹅，值得一看，超赞赞,5.0,2020/10/1,0,1
1198,还可以吧，梦幻水母馆还可以吧！免费去的,3.0,2020/10/5,0,1
1199,带小孩子，家人一起去看一看，体验一下还是挺好的。,4.0,2020/8/26,0,1
1200,免费的海洋生态文明科普物有所值！,5.0,2020/10/5,0,1
1201,非常好，非常漂亮，没事去玩玩很不错,5.0,2020/8/28,0,1
1202,婴儿车根本用不了，抱着孩子太累，还要弄车，有斜坡就好了,3.0,2020/9/30,0,1
1203,不错哦，很好的,5.0,2020/9/21,0,1
1204,里面挺好的，但门票是去了还得买的哦,4.0,2020/10/6,0,1
1205,很少一部分免费，去的时候也不告知,1.0,2020/10/4,0,1
1206,医务人员只能玩前半部分，后面需要自费。,2.0,2020/10/3,0,1
1207,真的值得看看,5.0,2020/10/7,0,1
1208,体验很好，玩的开心，欢迎大家来游玩,5.0,2020/8/2,0,1
1209,没啥好看的，5分钟就能逛完，，,2.0,2020/10/6,0,1
1210,很喜欢，看的很过瘾。,4.0,2020/10/7,0,1
1211,逛累了可以进去待会儿凉快凉快。,5.0,2020/8/3,0,1
1212,装修很不错，性价比很高,5.0,2020/10/5,0,1
1213,景区太小，然后疏通，人员太多。,4.0,2020/10/6,0,1
1214,体验很差，没什么看的，不如极地海底世界，太坑了,1.0,2020/10/2,0,1
1215,"【环境】好
【交通】好
12345543211234567",3.0,2020/10/4,0,1
1216,"【交通】
【项目】
【餐饮】
【环境】都很好
强烈推荐",5.0,2020/8/17,0,1
1217,很好，水母很漂亮,5.0,2020/10/2,0,1
1218,人很多 海豹馆跟水母馆有意思 拍出来效果很nice,3.0,2020/8/31,0,1
1219,很好的学习观赏并休闲去处,5.0,2020/10/5,0,1
1220,好评好评 玩的很开心,5.0,2020/10/6,0,1
1221,辣鸡，只是看模型，海底世界还要买票，130一个人。里面啥也没有，跟极地海洋世界差远了,1.0,2020/9/19,1,0
1222,孩子喜欢,4.0,2020/9/20,0,0
1223,👌好👌…………………………好👌好好………………………………………………………………………………………………………………………………………………………………………………………………………………………………,5.0,2020/8/28,1,2
1224,惠民景点，免费游玩，领略生命的神奇，海洋的魅力！,4.0,2020/9/27,0,1
1225,孩子一进去睡着啦，上坡下坡太累了。主要推着婴儿车，进出口推不了，要抬起来,3.0,2020/9/28,0,1
1226,也就个水母馆和海豹馆,4.0,2020/10/5,0,1
1227,疫情期间免费参观三个馆已经很不错啦,3.0,2020/9/30,0,1
1228,和孩子一起去学习，有收获,4.0,2020/10/4,0,1
1229,主要是各种水母，很漂亮。,4.0,2020/10/3,0,1
1230,很不错，好评,4.0,2020/10/1,0,1
1231,很不错呦！真是一项很好的惠民政策！,4.0,2020/8/8,0,1
1232,就是周末人有点多，可以带孩子来看看不错,3.0,2020/10/1,0,1
1233,挺好的  物超所值！！！！！！！！！！,5.0,2020/10/3,0,1
1234,挺好玩的，里面水母很梦幻，海狮海豹很可爱,3.0,2020/9/28,0,1
1235,服务热情周到,5.0,2020/10/4,0,1
1236,很棒，还想再去,5.0,2020/10/3,0,1
1237,非常好看啊从此爱上水母！太好看了(｡･ω･｡)ﾉ♡,5.0,2020/8/20,0,1
1238,挤人，只有水母之类的，只有水母之类的，只有水母之类的，,1.0,2020/10/2,0,1
1239,有海豹，海狮，海归还有一个大水母馆，预约就能去，很方便，景色也不错,5.0,2020/8/22,0,1
1240,总体不错，带孩子来挺好。下次还会再去,3.0,2020/9/27,0,1
1241,还不错  免费的  随便去  简单省事儿  说的没别的话,3.0,2020/9/25,0,1
1242,很可爱，就是种类较少，观赏时间较短,3.0,2020/8/30,0,1
1243,免费的特别好就是热死了哈哈哈,5.0,2020/8/13,0,0
1244,免费的，很好看啦！,4.0,2020/10/3,0,1
1245,要是不预约就好了。预约太麻烦。还得排队。,3.0,2020/9/26,0,1
1246,有些许的腥味但可以接受,4.0,2020/10/2,0,1
1247,水母种类很多，很好看，海豹馆也挺好看的,4.0,2020/8/28,0,1
1248,免费的，虽然看的东西不多，倒也是小小的满足了一下！,3.0,2020/9/27,0,1
1249,体验不错，物种丰富，干净整洁。如果指示再能明确些就更好了，海豚馆和水母馆找了15分钟。,4.0,2020/9/15,0,0
1250,很不错的，小时候经常来这里。,4.0,2020/8/22,0,1
1251,不错优惠活动，预约方便，很适合带孩子去消夏,4.0,2020/8/27,0,1
1252,环境很好，干净漂亮,4.0,2020/8/31,0,1
1253,感觉不错，但是很小，而且有点残忍，还养了个乌龟吓唬他们😂,4.0,2020/9/6,0,1
1254,非常好噢，真的非常非常好看，主要是免费非常让人心动,5.0,2020/9/28,0,1
1255,太满意了。设施完备 工作人员彬彬有礼热情接待。青岛真是一个很好客的城市,5.0,2020/9/14,0,1
1256,免费的，带孩子去玩几个馆不会太累，推介，有海豹海龟企鹅水母各种小鱼，孩子很开心,5.0,2020/9/16,0,0
1257,环境好，值得称赞,4.0,2020/9/28,0,1
1258,免费很好,5.0,2020/9/29,0,1
1259,免费的，还要什么自行车？,5.0,2020/9/29,0,1
1260,水母很好看，有几只海狮还有一只小企鹅超级可爱。总的来说免费的话还是挺值得逛逛的~,4.0,2020/9/18,0,0
1261,适合带孩子参观,5.0,2020/8/19,0,1
1262,水母种类很多学到了了很多知识不错,4.0,2020/9/26,0,1
1263,里面环境还不错玩的东西也挺多的,3.0,2020/9/28,0,1
1264,还可以 小时候来过 南方人好多 一来来一群人 …影响观赏了,3.0,2020/9/24,0,1
1265,环境优美 餐饮很好吃  交通方便 水母很可爱,3.0,2020/9/23,0,1
1266,免费的，有些景点是活物，有些是标本，也不差啦,4.0,2020/9/23,0,1
1267,人太多了，还有吵架的,4.0,2020/9/28,0,1
1268,不错呢的时候还是要继续加油加油我喜欢,3.0,2020/8/19,0,1
1269,门票预约方便，实际就是水母馆，水母种类多，很漂亮,3.0,2020/8/24,0,1
1270,预订的免费票，全是隔着玻璃看，没啥意思，不愿意再来,2.0,2020/9/24,0,1
1271,【环境】环境可以，交通也方便，但是感觉没有海昌极地海洋世界大，如果有条件的话还是推荐去海洋世界,5.0,2020/8/26,0,1
1272,emmmm海豹馆很不错,4.0,2020/9/27,0,1
1273,嘻嘻~不错不错不错~嘻嘻~海洋的世界,3.0,2020/8/17,0,0
1274,千奇百怪。不错不错,5.0,2020/9/27,0,1
1275,很好啊！一家人一起去的……很开心！,4.0,2020/8/17,0,1
1276,挺不错的，带孩子玩的很好的，值得去,5.0,2020/9/24,0,1
1277,景色优美，临海,5.0,2020/9/28,0,1
1278,各种样子的水母都单独一个水族箱，还有海豹海狮,5.0,2020/9/20,0,0
1279,真的是非常喜欢，比18年提升了好多，全家人玩的非常嗨😁,5.0,2020/8/25,0,2
1280,趁着免费大家伙都好进去吧！,5.0,2020/8/8,0,1
1281,挺好的，不错不错不错，一只🐧看着“大海”思考🤔🐧生。海豹萌萌哒✓,3.0,2020/8/21,0,1
1282,不错，好玩，还会再去。就是不好停车，太麻烦了。,3.0,2020/8/9,0,2
1283,有意义的一次旅行，增长见识了,5.0,2020/9/26,0,1
1284,挺好玩的～,4.0,2020/8/20,0,1
1285,挺好的，就是人有点多,5.0,2020/9/7,0,1
1286,海狮真滴像个憨憨，游来游去滚来滚去，超级有趣,5.0,2020/9/7,0,1
1287,很多新奇的水母，海龟一动不动，哈哈哈,4.0,2020/9/6,0,1
1288,环境好，服务不错。,5.0,2020/8/1,0,1
1289,水母馆好可爱啊哈哈哈哈哈哈哈哈哈,3.0,2020/9/26,0,1
1290,青岛水族馆里头的水母非常的漂亮，乌龟也非常的大气，也很好看，小朋友非常的喜欢。￼,4.0,2020/8/15,0,1
1291,免费的，就挺好。都是标本啥的，活的很少,4.0,2020/9/22,0,1
1292,免费 很赞 哈哈哈哈,4.0,2020/9/27,0,1
1293,不错😊,4.0,2020/9/10,0,1
1294,比较差，没啥意思，，。。。。。。。,1.0,2020/9/26,0,1
1295,"【环境】位置靠近海边，风景很好。
【项目】有海狮和水母两个馆。",4.0,2020/8/7,0,1
1296,适合带着孩子去看看,4.0,2020/9/26,0,1
1297,还可以 适合领着孩子来玩 孩子玩的开心,3.0,2020/9/20,0,1
1298,，，，，，， ，，，，，，，，，，，,3.0,2020/9/27,0,0
1299,挺好的，水母很漂亮,4.0,2020/9/24,0,1
1300,很不错，水母非常的漂亮，玩的很开心,3.0,2020/8/23,0,0
1301,作为免费景点来说 海豹馆很好 海豹很多 环境很好,4.0,2020/9/2,0,1
1302,强烈推荐水母宫！！！,5.0,2020/9/6,0,1
1303,很不错，只不过不能参观海底世界，只能看其他的一些馆，免费的，可以接受啦,4.0,2020/9/16,0,0
1304,"目前免费，只要当场预约五分钟左右即可，宝宝特别喜欢，看了海豹和海龟，都不愿意出去了。很满意的
项目。",5.0,2020/9/6,0,1
1305,不错，值得看一下。带着孩子，但是额外消费比较多,5.0,2020/9/17,0,0
1306,景点挺多的，人也挺多的，是休闲消磨时间的好去处，,3.0,2020/9/18,0,0
1307,白嫖一张票，不错了,5.0,2020/9/23,0,1
1308,活动很好，游玩也很不错，就是停车难收费太贵。要不带小朋友去玩玩还不错,3.0,2020/9/14,0,1
1309,布景和里面各种鱼类资源丰富颜色搭配非常好,4.0,2020/9/17,0,0
1310,还行，有免费的票可以看水母，海豹，海狮,3.0,2020/8/9,0,1
1311,能逛四个馆 特别好 尤其水母馆！,5.0,2020/9/21,0,1
1312,一般吧，只开通一部分展馆，其余，仍然需要付费参观,3.0,2020/9/18,0,0
1313,地面上的场馆设备陈旧，也很小。没什么意思,2.0,2020/9/15,0,1
1314,孩子的王国，带孩子打卡圣地,5.0,2020/8/21,0,1
1315,青岛部分景点免门票。非常棒,5.0,2020/9/17,0,0
1316,免费的感觉挺好，环境好，交通好，项目好，餐饮好,4.0,2020/8/29,0,1
1317,有海豹可以看，不错。,4.0,2020/9/20,0,0
1318,挺不错的，里面很漂亮，,4.0,2020/9/22,0,1
1319,总体不错，就是去的时候志愿者给指错路了,2.0,2020/9/17,0,0
1320,非常漂亮呢，预约的免费的。,5.0,2020/9/22,0,1
1321,看的有点太快了，小企鹅不太有好水母比较少,3.0,2020/9/16,0,0
1322,最喜欢里面的水母了！,4.0,2020/8/23,0,1
1323,真是太美了，值得一看，,5.0,2020/8/7,0,1
1324,水族馆很值得去，能去好几个地方，印象最深的是海豹馆！,5.0,2020/9/14,0,1
1325,交通便利，海洋生物很漂亮。,4.0,2020/9/18,0,0
1326,优惠政策特别好，现场水母特别漂亮，适合儿童游玩,4.0,2020/9/16,0,0
1327,海狮海豹馆还有水母馆有活的动物，还挺有意思的，但是其他馆都是标本，适合带着小孩来科普,3.0,2020/9/5,0,1
1328,作为一个青岛人就小时候去过几次，长大后再没有去过！这次带小盆友路过那里看到现在免费立马就扫码了进入了！挺棒的里面！进去看看很不错小盆友也很喜欢！,4.0,2020/8/23,0,0
1329,太好看了 下次还去,5.0,2020/9/18,0,0
1330,好，很漂亮，很喜欢，很好，推荐去！！,4.0,2020/9/20,0,0
1331,欢快预约，畅快游玩,4.0,2020/9/21,0,1
1332,第1次去水族馆近距离的接触水中生物，水母很漂亮。海豹很灵活，珊瑚很美。企鹅很可爱。海狮很笨拙但可爱。,3.0,2020/8/31,0,1
1333,挺好来,5.0,2020/9/22,0,0
1334,大的海洋世界不包括，几个小馆以水母最为好看,4.0,2020/9/12,0,1
1335,一般般，没有想像的好，但是免费的，也不错了,2.0,2020/9/17,0,0
1336,水母企鹅很可爱，好久没去了趁着门票免费去逛了逛,3.0,2020/9/15,0,0
1337,挺不错的，孩子对水母印象深刻！小时候看过都忘了，希望以后能经常去玩。,4.0,2020/9/8,0,1
1338,全都是水母太漂亮了,5.0,2020/8/31,0,1
1339,爱了爱了,5.0,2020/8/22,0,1
1340,非常推荐！！！免费很香,5.0,2020/9/20,0,1
1341,一般化，没有想象中的完美，停车太费劲,3.0,2020/9/17,0,0
1342,方便快捷，感谢政府,4.0,2020/9/19,0,0
1343,不错不错，赏心悦目，里面水母很多，很漂亮！,3.0,2020/9/16,0,0
1344,海豹太可爱啦！水母也很漂亮！很开心的经历^_^,5.0,2020/8/13,0,0
1345,太棒了,5.0,2020/9/18,0,0
1346,还好吧，个人觉得也不是那么的有意思,3.0,2020/9/16,0,0
1347,人太多，不安全。实际能看的不是太多，其余收费。,2.0,2020/9/16,0,0
1348,全五分！,5.0,2020/8/4,0,1
1349,后疫情期间，免门票入场，馆内东西很丰富，孩子学到了新知识，父母也很开心，孩子玩的也很开心。值得再次去的景点。,5.0,2020/8/28,0,1
1350,第一次看水母，种类挺多的，适合带小朋友去,4.0,2020/9/11,0,1
1351,整个海底世界，科普的功能大于参观，毕竟有一定的历史了，有好有坏，票价还可以,5.0,2020/9/3,0,1
1352,不错的 趁着免费来玩了玩 很适合拍照啥的,3.0,2020/8/7,0,1
1353,只有水母宫和海豹馆免票，其他的还是要购买门票的。就在鲁迅公园旁，挺小的一小时就能游览完。,2.0,2020/8/30,0,1
1354,展馆虽然比较分散，但是展示的海洋生物一点都不少。这里真的可以学到很多海洋知识，科普意义大于娱乐。很不错的地方，推荐推荐！,5.0,2020/8/9,0,1
1355,很好，很是喜欢，赞一个，下次还在来,5.0,2020/9/13,0,1
1356,喜欢,5.0,2020/9/17,0,0
1357,很美！给人耳目一新！,4.0,2020/9/17,0,0
1358,只有水母和海豹馆…我看了几遍都没有看到接受哪部分免票…,3.0,2020/9/8,0,1
1359,限时免费，水母很好看，就是人太多了,4.0,2020/9/9,0,1
1360,只有两个景点，还需要改进，加油青岛,3.0,2020/9/13,0,1
1361,免费的没啥好看的，都是标本没意思,1.0,2020/9/13,0,2
1362,很好，企鹅是惊喜,4.0,2020/9/15,0,0
1363,只去了水族馆   不孬不孬不孬不孬不孬,3.0,2020/9/16,0,0
1364,很好看，各式各样的水母，很灵动。还有海龟，珊瑚也很美，就是小了一点，但不影响惊艳！,5.0,2020/8/31,0,1
1365,去的时候人比较多，拥挤不动，检票机器刷码不太好用，耽误时间,4.0,2020/9/3,0,1
1366,可以参观四个馆，一个水母一个海狮馆还有两个标本的，值得一看,4.0,2020/9/9,0,1
1367,很棒。值得推荐,4.0,2020/9/15,0,1
1368,虽然没有什么东西，但是还是很不错的,4.0,2020/9/12,0,1
1369,非常漂亮，水母馆好漂亮，海豹馆也好可爱，就是都好小，没一会儿逛完了，又去的海水浴场，离得很近，要是整个海底世界都免费就好了，哈哈,5.0,2020/8/21,0,1
1370,"【环境】好
【项目】好
就是停车再方便些更好。",3.0,2020/9/7,0,1
1371,非常不错，水母很漂亮，种类很多,4.0,2020/9/7,0,1
1372,水族馆不错的，过去卖票的时候就没有来过。这次看了一下 还可以。就是人有点多。,4.0,2020/9/2,0,1
1373,还不错，就是有点拥挤，不过话说回来，免费了人肯定会多，哈哈,3.0,2020/9/6,0,1
1374,非常满意，好多各种各样的水母，还有海豹海狮，大海龟，孩子看的很开心,5.0,2020/8/14,0,1
1375,原来水母这么好看！！！还可以逛海豹馆,5.0,2020/8/10,0,1
1376,水族馆还挺好看的，只是只有三个馆可以开放，比较可怜巴巴,3.0,2020/9/7,0,1
1377,免费的快乐,5.0,2020/8/26,0,1
1378,还可以，预约之后可以免费去水母宫和那个海豹馆，人也挺多的，从鲁迅公园一块溜达着去看看挺好的,4.0,2020/8/25,0,1
1379,年费挺好 可是一天一个账号只能一张票 老人怎么办？,2.0,2020/9/4,0,1
1380,非常强很强哦非常好👍非常好👍,5.0,2020/9/8,0,1
1381,风景好看。,5.0,2020/9/9,0,1
1382,真的很好，因为政府支持，免费游览！！赞,5.0,2020/9/9,0,1
1383,还可以吧，挺好的，价格合理观赏真实,3.0,2020/9/7,0,1
1384,可以去看一下挺好的。。。。。。。。,3.0,2020/9/11,0,1
1385,挺好的，孩子挺喜欢玩的挺开心都不愿意走,5.0,2020/9/8,0,1
1386,不错，水母馆和海豹馆,5.0,2020/9/9,0,1
1387,疫情期间免费去的，还不错，但是如果按票价130的话就不值得了，所以趁着免费大家可以去一次,5.0,2020/8/27,0,1
1388,外地朋友很喜欢,5.0,2020/9/11,0,1
1389,真差劲，名义上免费合计合计不够路费,1.0,2020/9/7,0,3
1390,水族馆现在免费，提前在美团预约进入的时间段，千姿百态的水母非常漂亮，假期带孩子去欣赏吧！,5.0,2020/8/25,1,1
1391,当时免费，觉得很值,5.0,2020/9/10,0,1
1392,还不错，可以可以哈哈哈哈哈哈哈哈哈哈,2.0,2020/9/11,0,1
1393,海洋生物较齐全，场景宜人，适合孩子游玩,3.0,2020/9/6,0,1
1394,人太多，太热了。建议不要周末去玩,3.0,2020/9/8,0,1
1395,赶上一波政策福利，已经第二次去青岛水族馆了，很多动物，人山人海。,5.0,2020/8/29,0,1
1396,人多,4.0,2020/9/11,0,1
1397,景如其名，梦幻水母宫里能够看到各种各样的水母，还是很值得一看的！,3.0,2020/8/15,0,1
1398,一共5个馆，很分散，但值得的去看的,5.0,2020/8/23,0,1
1399,特别好，总之很开心。,4.0,2020/9/9,0,1
1400,不错，各种水母，还有海龟，最后还能去海豹馆看看海豹，建议不要开车去，不好停车,4.0,2020/8/30,0,1
1401,里面凉快，看的东西不少！,5.0,2020/9/6,0,1
1402,免费的都是假的，真的还是要付费,2.0,2020/9/5,0,1
1403,态度很好，有一些地方免费预约的票不能观看，总体来说还是不错的,3.0,2020/8/29,0,1
1404,都免票还要啥自行车要啥自行车。棒,5.0,2020/8/18,0,1
1405,额看看也行，免费嘛，去看看也是可以的哈哈哈(ಡωಡ)hiahiahia,2.0,2020/9/7,0,1
1406,太小了，就俩馆，水母种类还可以，但是感觉和其他水族馆比起来差点意思,3.0,2020/8/26,0,1
1407,不足是几乎全是水母，没有其他的生物，但是免费参与还是强推啦！,4.0,2020/8/30,0,1
1408,免费的不错，就是馆内有点热，空调不到位、停车不好停，希望改进～,5.0,2020/8/29,0,1
1409,超级不错,5.0,2020/9/6,0,1
1410,真的很棒 现在免费预约太方便了,5.0,2020/9/6,0,1
1411,以为海洋生物馆也免费，原来是自己想多了，只有标本馆免费开放,3.0,2020/8/3,0,1
1412,水族馆整修，去的水母馆，和想象的太不一样了,3.0,2020/9/3,0,1
1413,还可以吧，至少不用去水族馆了吧,3.0,2020/9/5,0,1
1414,为啥还非得15字评价 ！还行啊里面  喜欢那些小水母 很漂亮,3.0,2020/8/31,0,1
1415,"【环境】很好
【交通】便利
景色很不错，海豹很多",3.0,2020/9/1,0,1
1416,是晚上去的哈，不是白天通票，搞错了,2.0,2020/9/5,0,1
1417,不错，青岛地标打卡点,5.0,2020/9/4,0,1
1418,人太多，塞不动的感觉，避开周末还行吧,3.0,2020/9/1,0,1
1419,服务态度太差，下雨天带着宝宝，早到了二十分钟，让在雨中等，进里面门沿下等着都不让。,2.0,2020/8/22,0,1
1420,水族馆中的水母类型超多，各式各样，甚是好看,4.0,2020/8/13,0,0
1421,免费的的里面挺好的,5.0,2020/9/5,0,1
1422,虽然是未成年免费，但是孩子10岁也需要微信预约才能进！,3.0,2020/8/28,0,1
1423,有三个馆可能要收费没进去成!!!!!,2.0,2020/9/5,0,1
1424,青岛旅游，免费可以看看，花费10分钟而已,3.0,2020/9/4,0,1
1425,不错，孩子看得很好，很开心，谢谢,3.0,2020/9/3,0,1
1426,还是不错的，里面很多水母和海豹还有企鹅，趁现在免费去看看挺好的，推荐带孩子去。,4.0,2020/8/19,0,0
1427,推荐，很漂亮，青岛,4.0,2020/9/4,0,1
1428,挺好的，朋友推荐的，确实不错(*๓´╰╯`๓)♡!,3.0,2020/9/2,0,1
1429,海豹馆改造后有点像海底世界的风了，企鹅只有一只，和小青岛一起游览的，一上午可以。,3.0,2020/8/24,0,1
1430,展品单一，与儿时看的没法比。免费的将就吧,2.0,2020/9/2,0,1
1431,很好，各种好玩的物种，涨很多知识，疫情期间免费。,4.0,2020/8/31,0,1
1432,有很多海洋生物，还有标本，对于情侣和家人出游真的很不错,5.0,2020/8/27,0,1
1433,"虽然带孩子已经如果多次了，但还是喜欢去。
孩子喜欢大人也能玩儿的高兴，还长知识。",5.0,2020/8/22,0,1
1434,感觉这是今天去的今天最好玩的地方，有空调，孩子很喜欢，海豹，水母各种的鱼。,5.0,2020/8/23,0,1
1435,小时候去过，现在怎么只开放水母类的了。,3.0,2020/9/1,0,1
1436,蛮好玩的，两个馆免费，游玩时间大约一个小时左右，出来后再去逛逛海边,5.0,2020/8/27,0,1
1437,进门因为和小孩预约的时间不同，导致一直等了半个小时，工作人员不变通一下。海豹还是很可爱的，有治愈感,4.0,2020/8/15,0,1
1438,还可以 里面不大 但是免费的 白看的就没那些要求了,3.0,2020/8/30,0,1
1439,地方太小了，服务态度相当不好，卫生也不好,2.0,2020/8/30,0,1
1440,不能说是欺骗吧，人家写了是水族馆，不是海底世界，哈哈，还是不错的,3.0,2020/8/25,0,1
1441,觉得太棒了，尤其是带孩子去，可以经常去，不仅玩了还玩中学习了，极力推荐,5.0,2020/8/7,0,1
1442,水母馆真好看，海狮馆也挺可爱的，,4.0,2020/8/27,0,1
1443,很好，孩子很喜欢，预约方便，过段时间还去,5.0,2020/8/28,0,1
1444,嗯，免费的票吧，就不能说太多，毕竟是免费的是吧？你也不能毛病那么多，但是免费的确实没有看到一个活体动物，然后还是如果带着小朋友来的话，还是不要买免费的漂吧，我觉得,2.0,2020/8/3,1,1
1445,两个馆，看完就去第一海水浴场了，非常推荐。,5.0,2020/8/29,0,1
1446,不真诚，别去，浪费感情，，，辣鸡辣鸡辣鸡辣鸡,1.0,2020/8/29,0,1
1447,还不错！就是有点小！海边风景很美,2.0,2020/8/31,0,1
1448,真话题还算是不错的   带个小对象就更好了,3.0,2020/8/27,0,1
1449,停车遇上本地黄牛，非常好横，一个110，啥毛病没有了。水族馆还是不错的,3.0,2020/8/19,0,1
1450,不如直接说是水母馆好了！里面人太多很挤.这个特殊的时候不建议去,3.0,2020/8/19,0,1
1451,第一次去没找到水母馆，哈哈哈哈哈哈，又去了一次,4.0,2020/8/27,0,1
1452,挺不错，孩子们玩的挺开心，水母品种很多，还有企鹅很可爱,4.0,2020/8/24,0,1
1453,人太多啦，全是孩子。里面挺凉快的,2.0,2020/8/29,0,1
1454,寓教于乐的地方值得一看,5.0,2020/8/28,0,1
1455,里面海货蛮多的，快去尝尝啊,5.0,2020/8/31,0,1
1456,只有水母，本来以为有好多的，但是都没看到,3.0,2020/8/29,0,1
1457,科普性的展览，海底世界也免费就更好了。,3.0,2020/8/29,0,1
1458,就是有点小，水族馆😁，品类再多点就好了,3.0,2020/8/26,0,1
1459,挺好的，免费参观！孩子增长了知识！,3.0,2020/8/29,0,1
1460,很好哦 值得推荐,5.0,2020/9/1,0,1
1461,青岛8月份免费期间去的，人山人海，相比而言还是水母宫和海豹馆更不错,5.0,2020/8/21,0,1
1462,非常好的服务，里面非常好，孩子非常开心，下次还会来,4.0,2020/8/25,0,1
1463,强烈推荐，喜欢,5.0,2020/8/31,0,1
1464,真是好活动，一定要支持,5.0,2020/8/28,0,1
1465,很愉快的一次旅行，很喜欢水母馆,5.0,2020/8/11,0,1
1466,还不错，人很多，周末去的，水母很有意思,3.0,2020/8/27,0,1
1467,【环境】不错，科普知识很多，水母很美,3.0,2020/8/27,0,1
1468,还可以，疫情期免费参观了一圈，交钱去看的话，我认为不值。,3.0,2020/8/22,0,1
1469,还挺不错的，现在免费门票，可以去看看哦,4.0,2020/8/26,0,1
1470,里面的小动物很可爱，人也很多，强烈推荐,5.0,2020/8/24,0,1
1471,我就呵呵，有的鱼缸还没我家的大。。说好的免费也就一个馆免费变向让游客买门票，青岛确实没有别的旅游景区给力！无力吐槽,1.0,2020/8/9,1,2
1472,去青岛游玩，路过水族馆，正赶上免费参观，就进去看了看，超赞。,4.0,2020/8/23,0,1
1473,非常好，完全值得一来，推荐！特别棒棒糖好！,5.0,2020/8/24,0,1
1474,整体不错，人群会一会一会的多，花钱就算了，非常感谢青岛政府。,4.0,2020/8/19,0,1
1475,馆方的电话很难打，水母馆里又太吵（挤!）,3.0,2020/8/25,0,1
1476,免门票了现在可以去看看适合拍照。也适合科普，在海边，很方便，看完可以去海边玩,5.0,2020/8/19,0,1
1477,不错，海洋动物都很可爱，非常推荐去,5.0,2020/8/24,0,1
1478,带孩子见识了各种各样的水母，大自然真的是太神奇了,3.0,2020/8/22,0,1
1479,tin挺好的主要是跟最喜欢的人一起去的mua木啊木啊,3.0,2020/8/24,0,1
1480,看到许多种类的水母，还有呆萌的企鹅，海豹，海狮，时间仓促，海底世界来不及参观,3.0,2020/8/12,0,0
1481,免费看了好多东西，小朋友们长知识啦，强烈推荐！,5.0,2020/8/20,0,1
1482,小的很五分钟都用不完就看完了，。，。。。,2.0,2020/8/25,0,1
1483,非常漂亮！小朋友们很喜欢！值得游览！,3.0,2020/8/25,0,1
1484,三天去了两次 ，免费的快乐,5.0,2020/8/26,0,1
1485,还好吧,4.0,2020/8/26,0,1
1486,人少啊 之前五一去人山人海 ，现在免费人还少,5.0,2020/8/23,0,1
1487,奥利给 免票看大海龟 还有海豹和你玩 去就完事了,5.0,2020/8/21,0,1
1488,辣鸡，俩馆也就十分钟，海狮馆腥气逼人，之后还是买通票其实更贵，最关键海底世界也就一般没什么好留念的也没有惊喜,1.0,2020/8/2,1,3
1489,带孩子出去认识一下水母，挺好的,3.0,2020/8/25,0,1
1490,因为是免费的，没资格说不满意，巨坑！要不是这个免费，海底世界也不会进去，贪小便宜吃大亏啊！,1.0,2020/8/13,0,0
1491,好评，就是略小，还是需要买海底世界的票,3.0,2020/8/23,0,1
1492,很不错的体验，带着孩子增长了知识！并且还是免费开放的，推荐来看看,5.0,2020/8/14,0,1
1493,很好不错,5.0,2020/8/26,0,1
1494,非常好，完全值得一来，推荐！,5.0,2020/8/24,0,1
1495,水母很漂亮，可以去看一下，人有点多，可以拍照,3.0,2020/8/23,0,1
1496,免费预约的，跟男朋友一起去的，看了水母,3.0,2020/8/24,0,1
1497,非常好，有很多活水母，青岛打卡必选,5.0,2020/8/22,0,1
1498,很美，就是地方小了点,5.0,2020/8/26,0,1
1499,水族馆很不错，值得推荐，分为好几个馆，人也挺多的,5.0,2020/8/20,0,1
1500,说了免费，去了就两小馆，8分钟走完了！,2.0,2020/8/25,0,1
1501,这个免费的门票只能进那几个标本馆，海底世界和水族馆进去都是要另外买票的，感觉门票免费就是噱头，没啥意思！,2.0,2020/8/5,0,1
1502,很好看，还免费，强烈推荐,5.0,2020/8/23,0,1
1503,一般吧，没有什么很特别的。孩子还是挺喜欢的。,2.0,2020/8/22,0,1
1504,还可以,4.0,2020/8/26,0,1
1505,免费票能看四个馆，还不错哟,4.0,2020/8/24,0,1
1506,挺好，很漂亮,4.0,2020/8/22,0,1
1507,能看到大海龟 海豹 水母,5.0,2020/8/22,0,1
1508,带孩子去转转还是不错的。就去了水母馆和海豹馆，很赞，,5.0,2020/8/19,0,1
1509,里面还行 就是小 是免费景区所以去的,3.0,2020/8/20,0,0
1510,种类太少了。多点就好了。好可惜。,2.0,2020/8/19,0,1
1511,垃圾，厕所只有海豹管里有，上厕所及其困难,1.0,2020/8/21,0,1
1512,这个是免费预约的，虽然只看了水母馆和海豹馆，但还是很不错的,5.0,2020/8/15,0,1
1513,就是人太多了，很好,5.0,2020/8/21,0,1
1514,特别适合带孩子来看看，海豹海狮，水母,5.0,2020/8/20,0,1
1515,还行吧，有的还挺吓人的，以为会有海洋馆，结果是另收费的,3.0,2020/8/17,0,1
1516,还可以，大概十分钟就走完了，简单的看看挺好的,3.0,2020/8/19,0,1
1517,水族馆的亮点就是水母馆，看着平常吃的海蜇姿态婀娜多姿，如梦如幻。值得看，免费超值了。,3.0,2020/8/10,0,1
1518,免费的水族馆有企鹅和海狮海豹，很不错了,5.0,2020/8/19,0,1
1519,水族馆质量太高了 水母馆的水母真的令人大开眼界 海洋生物馆的标本也很齐全丰富 非常棒,5.0,2020/8/7,0,1
1520,里面有很多种水母，很漂亮。还有可爱的海豹，企鹅。,5.0,2020/8/18,0,1
1521,免费，确实不错，带孩子看看是一个很好的学习,3.0,2020/8/19,0,1
1522,奔着海底世界免费去的，结果只有两个馆免费，没捞着看海底世界,3.0,2020/8/18,0,1
1523,挺好的 里面品种很多 设计也很独特 凉快 人挺多的,4.0,2020/8/18,1,1
1524,基本全是各种水母还有三个大海龟，主题集中印象比较深。,4.0,2020/8/8,0,1
1525,还不错吧，挺不错的，飞超nice,3.0,2020/8/21,0,1
1526,免费参观的，可以去水母宫，鲸馆，海豹馆和水生动物馆,4.0,2020/8/14,0,1
1527,"太棒了
【交通】方便
【环境】优美",5.0,2020/8/19,0,1
1528,水母很好看，海豹也可以，其他的就一般啦,4.0,2020/8/15,0,1
1529,很好哦,5.0,2020/8/20,0,0
1530,地方太小了，但是是免费的，也不说啥了,2.0,2020/8/18,0,1
1531,等检票浪费太多时间，有点扫兴，直到看到那些小可爱,3.0,2020/8/15,0,1
1532,免费进去玩会挺好的，四个馆免费，海底世界不免费,3.0,2020/8/17,0,1
1533,超棒，哈哈哈还好还好,5.0,2020/8/19,0,1
1534,水母宫门前卖票的女的服务太差了…,1.0,2020/8/18,2,1
1535,在鲁迅公园旁边，只有水母和海豹两个场馆，离得不远看看也行，特意前往就不必了,3.0,2020/8/6,0,1
1536,这是今年针对医护的一个福利，正好抽空带着宝宝一起去玩了，孩子学到了很多海洋知识，还看了美人鱼表演，说下次玩还要去，很棒！,5.0,2020/6/28,0,1
1537,就是太单一了，都是水母就是太单一了，,3.0,2020/8/17,0,1
1538,只能看标本馆。毕竟是免费的门票,4.0,2020/8/19,0,1
1539,很顺利的就进景区了 非常棒,5.0,2020/8/17,0,1
1540,还可以，和想象中的差不多一样。,3.0,2020/8/18,0,1
1541,去过上海、杭州、日本等海洋馆，这就是大巫见小巫了，太一般了。,2.0,2020/8/8,0,2
1542,还可以，挺方便的，去的时候人也不多,3.0,2020/8/16,0,1
1543,个人感觉还可以吧，还行的吧！！！,2.0,2020/8/18,0,1
1544,感觉还不错  有一点那种感觉了  赞赞赞,3.0,2020/8/18,0,1
1545,检票超级慢，里面小没几个鱼缸看水母,2.0,2020/8/14,0,1
1546,目前免费预约可前往的是两个馆，还不错，观看性还比较强。,3.0,2020/8/13,0,0
1547,很久没去了，这次团购免费很好，场馆还是挺干净的。观赏效果也挺好😊,4.0,2020/8/10,0,1
1548,不错，海豹很多也很可爱超级大一只！游来游去很活泼,5.0,2020/8/10,0,1
1549,动物东西太少，本来以为所有都可以看孩子去了，觉得太少了能看的,2.0,2020/8/11,0,1
1550,毕竟是白嫖的推荐一下吧，带孩子来看还挺好的,4.0,2020/8/12,0,0
1551,免费,5.0,2020/8/20,0,0
1552,内容太少，游客不戴口罩，馆内嘈乱,1.0,2020/8/15,0,1
1553,建议打车去。千万别开车！千万别开车！千万别开车！,2.0,2020/8/16,0,1
1554,虽然场馆不大，但是作为免费的科普馆还是很有意义的,4.0,2020/8/10,0,1
1555,挺好的，看三个馆,5.0,2020/8/16,0,0
1556,"【环境】
【交通】方便服务态度好",5.0,2020/8/11,0,1
1557,涨知识,4.0,2020/8/17,0,1
1558,现在去水族馆免费哦，里面的水母让人惊艳、还有可爱的海豹,5.0,2020/8/5,0,1
1559,不错，还有海狮 海豹 全程1小时可以玩完,5.0,2020/8/10,1,1
1560,喜欢水母，种类多样，总有一款是你中意的,4.0,2020/8/13,0,0
1561,还不错，人挺多，不好停车，最好打车去。。。,3.0,2020/8/14,0,1
1562,海底世界招待员服务特别不好 和欠了她钱一样,1.0,2020/8/11,1,1
1563,真的挺不错，推荐。,4.0,2020/8/16,0,0
1564,嗯，总体来说还是蛮好的啦！虽然人太多，有点堵得慌！,3.0,2020/8/10,0,1
1565,非常好的科普海洋知识的地方，超赞,3.0,2020/8/12,0,0
1566,很小，只有几个海豹，十分钟就转完了。但是免费的还是挺方便的，微信扫扫码，就可以免费了。,3.0,2020/8/5,0,1
1567,还行吧，个人感觉也还挺不错的，挺值得的吧,3.0,2020/8/12,0,0
1568,一般吧，只有水母而且感觉好拥挤,2.0,2020/8/11,0,1
1569,继续增加一些动物吧，全面一些会更好。,3.0,2020/8/11,0,1
1570,还可以，东西是有点少的，，，，,3.0,2020/8/12,0,1
1571,近挨鲁迅公园，位置还不错，可以玩玩,3.0,2020/8/12,0,1
1572,儿子说，幼稚，可能他去过的地方比较多吧,2.0,2020/8/8,0,1
1573,人太多了，疫情好像并没有什么影响啊，感觉啥都没看着，而且挺热的里面,3.0,2020/8/3,0,1
1574,看了大鲨鱼及各种生物标本，很喜欢,4.0,2020/8/11,0,1
1575,还是很值得一去的,4.0,2020/8/15,0,1
1576,周末一家三口去看了看，不错😊,5.0,2020/8/13,0,0
1577,挺好玩的，现在提前预约，门票免费。,4.0,2020/8/12,0,0
1578,棒,5.0,2020/8/15,0,1
1579,水族馆是免费的，美团还卖这么贵，一定不要上当受骗。,1.0,2020/8/8,0,1
1580,没有看到喜欢的大鱼。还是要门票。坑,2.0,2020/8/10,0,1
1581,水族馆明明是免费的，美团还卖这么贵，真的是想钱想疯了,1.0,2020/8/8,0,1
1582,心情挺好的😊😊，不过就是在不好停车,5.0,2020/8/10,0,1
1583,带着孩子去的，里面很多生物，孩子很新奇，特别好,5.0,2020/8/6,0,1
1584,非常好玩！棒棒哒！,5.0,2020/8/12,0,0
1585,虽然是免费的，但是很用心，好评,5.0,2020/8/10,0,1
1586,可以免费去看海豹和水母,5.0,2020/8/7,0,1
1587,方便快捷，好用！即买即用，方便退。,5.0,2020/8/9,0,1
1588,免费的，不好意思说不好！！！！！！！！！,3.0,2020/8/10,0,1
1589,good,5.0,2020/8/12,0,1
1590,对小孩子来说，去看看，很赞的,5.0,2020/8/8,0,1
1591,整体感觉挺好，预约免费，人很多，建议大家错开时间,3.0,2020/8/3,0,1
1592,带孩子去很好的,4.0,2020/8/10,0,1
1593,感受很差，还得等几分钟，这哪叫免费,1.0,2020/8/8,0,1
1594,很好，很好很可爱，很喜欢,5.0,2020/8/9,0,1
1595,点赞政府为培养青岛下一代海洋人材所做的努力,5.0,2020/8/3,0,1
1596,很好，可以值得一去，非常不错,4.0,2020/8/7,0,1
1597,现在免门票，里面真的很值得去转一圈，很不错,5.0,2020/8/4,0,1
1598,免费的，挺方便，微信预约，三分钟就可以进去了,3.0,2020/8/5,0,1
1599,非常好，能学到很多。值得去看看,4.0,2020/8/8,0,1
1600,毕竟是免费的，不能要求太多，比预期差一些,2.0,2020/8/3,0,1
1601,免费去看的，很值得去看，很有教育意义,5.0,2020/8/5,0,1
1602,还不错，有点小，还有些意犹未尽,3.0,2020/8/7,0,1
1603,水母馆和海豹馆更确切！哈哈😄,4.0,2020/8/2,0,3
1604,免费景点，水母馆超级奈斯,5.0,2020/8/4,0,1
1605,凑合吧，没什么好看的，毕竟是免费的，,2.0,2020/8/3,1,1
1606,满意,5.0,2020/8/2,0,1
1607,感觉不错,4.0,2020/8/3,0,1
1608,完美,5.0,2020/8/2,0,1
1609,不建议去看 不是很值得观看………………,2.0,2020/7/17,0,1
1610,还行吧，环境也可以，看的不过瘾,3.0,2020/7/15,0,1
1611,一文不值，太破旧！还收停车费！听朋友说去青岛不去海底世界亏的慌，结果一起确实挺亏的，在路边海鲜店吃饭，梭子蟹按只卖，一只128，上菜的时候真惊讶，一点肉没有，全是空壳。,1.0,2020/6/4,1,1
1612,有的地方在施工，内容不是很多，逛两三个小时还行吧,3.0,2020/6/29,0,1
1613,受到疫情的影响，与之前几次相比，人好少呀,3.0,2020/6/19,0,1
1614,水母管直不值得买,5.0,2020/6/3,0,1
1615,水族馆特别的大，逛的我都累了，科普做的不错，适合大人们带着小孩子来玩，不过我是一个人逛的，个人特别喜欢水族馆和淡水馆，还赶上了表演，很不错。,3.0,2019/9/22,1,1
1616,带孩子玩的好好好好好好好好开心,4.0,2019/9/22,0,1
1617,带老人去的，很多标本，水母，跟鱼，成人票有点贵,3.0,2019/10/24,0,1
1618,里面有点黑，带孩子玩耍，开心开心,4.0,2019/9/22,0,1
1619,整体感觉很不错(*๓´╰╯`๓)♡，团票价格可以看到这么多鱼类保本和海洋生物，很值。水母宫和海洋世界没有连着，出园100米才能看到。,4.0,2019/9/21,0,1
1620,不如在家看看动物世界，不好看，不好玩,2.0,2019/7/20,2,1
1621,一般般 感觉差强人意 人多的时候还是不建议去了。太拥挤了,2.0,2019/6/12,0,1
1622,海底世界不错，水族馆也不错，但是孩子还是对海底世界时观赏鱼时的传送带感兴趣，无语了,3.0,2019/5/27,0,1
1623,就是来看标本的还得发15字不配88,1.0,2021/3/21,0,1
1624,免费的挺好的 15个字够了吧 还不够 继续,3.0,2020/12/19,0,1
1625,写不够15字。还好吧还好吧我觉得还是,3.0,2020/9/7,0,1
1626,好多好多年没来玩过了，感觉变化很大啊。增加了很多场馆，水母宫是最有特色的，虽然不大的，但是水母种类还挺多，拍出来的照片特别漂亮，像置身童话世界一样，其他的免费场馆也还可以，海豹，海龟，鳄鱼，企鹅什么的都有。,4.0,2020/8/13,0,0
